Nhóm NH,AnchorText,URL đích,Link bài đăng trên báo
VTDĐ,tab s10 fe,https://www.thegioididong.com/may-tinh-bang/samsung-galaxy-tab-s10-fe,https://thanhnien.vn/galaxy-tab-s10-fe-s-pen-da-nhiem-co-du-tien-cho-sinh-vien-dan-van-phong-185260701135752334.htm
VTDĐ,"tab s10 fe
máy tính bảng giá rẻ
máy tính bảng samsung","https://www.thegioididong.com/may-tinh-bang/samsung-galaxy-tab-s10-fe
https://www.thegioididong.com/may-tinh-bang
https://www.thegioididong.com/may-tinh-bang-samsung",https://www.24h.com.vn/the-gioi-cong-nghe/galaxy-tab-s10-fe-co-gi-dang-chu-y-cho-hoc-tap-va-lam-viec-nhe-c674a1773083.html
VTDĐ,"galaxy tab s10 fe
máy tính bảng giá rẻ
máy tính bảng samsung","https://www.thegioididong.com/may-tinh-bang/samsung-galaxy-tab-s10-fe
https://www.thegioididong.com/may-tinh-bang
https://www.thegioididong.com/may-tinh-bang-samsung",https://giadinh.suckhoedoisong.vn/galaxy-tab-s10-fe-tablet-co-but-s-pen-cho-nguoi-can-ghi-chu-hop-online-va-lam-viec-gon-nhe-172260630112031222.htm
VTDĐ,"tab s10 fe
samsung galaxy tab","https://www.thegioididong.com/may-tinh-bang/samsung-galaxy-tab-s10-fe
https://www.thegioididong.com/may-tinh-bang-samsung",https://congngheviet.com/xiaomi-pad-8-vs-galaxy-tab-s10-fe-chon-hieu-nang-hay-su-on-dinh/
VTDĐ,"samsung tab s10 fe
máy tính bảng giá rẻ
máy tính bảng samsung","https://www.thegioididong.com/may-tinh-bang/samsung-galaxy-tab-s10-fe
https://www.thegioididong.com/may-tinh-bang
https://www.thegioididong.com/may-tinh-bang-samsung",https://kenh14.vn/galaxy-tab-s10-fe-sau-hon-mot-nam-ra-mat-con-dang-mua-trong-nam-2026-215260728160934319.chn
VTDĐ,"galaxy tab s10 fe
samsung galaxy tab","https://www.thegioididong.com/may-tinh-bang/samsung-galaxy-tab-s10-fe
https://www.thegioididong.com/may-tinh-bang-samsung",https://thethaovanhoa.vn/galaxy-tab-s10-fe-hon-10-trieu-dong-s-pen-di-kem-tao-khac-biet-gi-20260729154842344.htm
VTDĐ,galaxy tab a11,https://www.thegioididong.com/may-tinh-bang/samsung-galaxy-tab-a11-wifi-4gb-64gb,https://thanhnien.vn/galaxy-tab-a11-khac-gi-so-voi-dong-galaxy-tab-s-cao-cap-185260728104932342.htm
VTDĐ,"galaxy tab a11
máy tính bảng giá rẻ
z flip 8","https://www.thegioididong.com/may-tinh-bang/samsung-galaxy-tab-a11-wifi-4gb-64gb
https://www.thegioididong.com/may-tinh-bang-samsung
https://www.thegioididong.com/dtdd/samsung-galaxy-z-flip8-12gb-256gb",https://www.24h.com.vn/kham-pha-cong-nghe/samsung-galaxy-tab-a11-wifi-4gb-64gb-phu-hop-voi-ai-c675a1782241.html
VTDĐ,"galaxy tab a11
máy tính bảng giá rẻ
z fold 8","https://www.thegioididong.com/may-tinh-bang/samsung-galaxy-tab-a11-wifi-4gb-64gb
https://www.thegioididong.com/may-tinh-bang
https://www.thegioididong.com/dtdd/samsung-galaxy-z-fold8-12gb-256gb",https://giadinh.suckhoedoisong.vn/hoc-sinh-tieu-hoc-co-nen-dung-galaxy-tab-a11-de-hoc-online-172260730174552578.htm
VTDĐ,"z fold 8
samsung galaxy tab","https://www.thegioididong.com/dtdd/samsung-galaxy-z-fold8-12gb-256gb
https://www.thegioididong.com/may-tinh-bang-samsung",https://congngheviet.com/nguoi-lon-tuoi-dung-galaxy-tab-a11-co-de-thao-tac-khong/
VTDĐ,"galaxy tab a11
máy tính bảng giá rẻ
z fold 8 ultra","https://www.thegioididong.com/may-tinh-bang/samsung-galaxy-tab-a11-wifi-4gb-64gb
https://www.thegioididong.com/may-tinh-bang
https://www.thegioididong.com/dtdd/samsung-galaxy-z-fold8-ultra-12gb-256gb",https://kenh14.vn/cha-me-nen-mua-tab-a11-cho-con-hay-cho-con-dung-dien-thoai-215260729164152757.chn
VTDĐ,"samsung tab a11
samsung galaxy tab","https://www.thegioididong.com/may-tinh-bang/samsung-galaxy-tab-a11-wifi-4gb-64gb
https://www.thegioididong.com/may-tinh-bang-samsung",https://thethaovanhoa.vn/danh-gia-galaxy-tab-a11-wifi-4gb-64gb-nho-gon-nhung-co-du-dung-20260731142027078.htm
VTDĐ,galaxy tab s11,https://www.thegioididong.com/may-tinh-bang/samsung-galaxy-tab-s11-wifi-12gb-128gb,https://thanhnien.vn/galaxy-tab-s11-phu-hop-voi-ai-va-ai-nen-chon-san-pham-khac-185260730185043545.htm
VTDĐ,"galaxy tab s11
samsung tab s10 fe
samsung galaxy tab s11 ultra","https://www.thegioididong.com/may-tinh-bang/samsung-galaxy-tab-s11-wifi-12gb-128gb
https://www.thegioididong.com/may-tinh-bang/samsung-galaxy-tab-s10-fe
https://www.thegioididong.com/may-tinh-bang/samsung-galaxy-tab-s11-ultra-5g-12gb-256gb",https://www.24h.com.vn/the-gioi-cong-nghe/samsung-galaxy-tab-s11-wifi-12gb-128gb-tablet-11-inch-cho-nguoi-can-lam-viec-linh-hoat-trong-he-sinh-thai-galaxy-c674a1774126.html
VTDĐ,"samsung tab s11
samsung tab s10 fe
samsung galaxy tab s11 ultra","https://www.thegioididong.com/may-tinh-bang/samsung-galaxy-tab-s11-wifi-12gb-128gb
https://www.thegioididong.com/may-tinh-bang/samsung-galaxy-tab-s10-fe
https://www.thegioididong.com/may-tinh-bang/samsung-galaxy-tab-s11-ultra-5g-12gb-256gb",https://giadinh.suckhoedoisong.vn/samsung-tab-s11-wi-fi-12gb-128gb-giai-quyet-nhu-cau-nao-tot-nhat-172260730204300899.htm
VTDĐ,"galaxy tab s11
samsung galaxy tab","https://www.thegioididong.com/may-tinh-bang/samsung-galaxy-tab-s11-wifi-12gb-128gb
https://www.thegioididong.com/may-tinh-bang-samsung",https://congngheviet.com/sinh-vien-co-the-dung-tab-s11-de-ghi-chu-ca-ngay-hoc/
VTDĐ,"samsung galaxy tab s11
samsung tab s10 fe
galaxy tab s10 plus","https://www.thegioididong.com/may-tinh-bang/samsung-galaxy-tab-s11-wifi-12gb-128gb
https://www.thegioididong.com/may-tinh-bang/samsung-galaxy-tab-s10-fe
https://www.thegioididong.com/may-tinh-bang/samsung-galaxy-tab-s10-plus",https://kenh14.vn/danh-gia-galaxy-tab-s11-sau-mot-thang-tinh-nang-nao-duoc-dung-thuong-xuyen-nhat-215260729164058653.chn
VTDĐ,"samsung tab s11
samsung galaxy tab","https://www.thegioididong.com/may-tinh-bang/samsung-galaxy-tab-s11-wifi-12gb-128gb
https://www.thegioididong.com/may-tinh-bang-samsung",https://thethaovanhoa.vn/dung-galaxy-tab-s11-thay-laptop-mot-tuan-tac-vu-nao-van-can-may-tinh-20260731142440218.htm
VTDĐ,tab s10 lite,https://www.thegioididong.com/may-tinh-bang/samsung-galaxy-tab-s10-lite-wifi-6gb-128gb,https://thanhnien.vn/samsung-keo-dai-ho-tro-bao-mat-tab-s10-lite-den-nam-2032-nguoi-mua-loi-gi-18526072810585746.htm
VTDĐ,"z fold 8 ultra
samsung tab
xiaomi pad 8 pro","https://www.thegioididong.com/dtdd/samsung-galaxy-z-fold8-ultra-12gb-256gb
https://www.thegioididong.com/may-tinh-bang-samsung
https://www.thegioididong.com/may-tinh-bang/xiaomi-pad-8-pro-8gb-128gb",https://www.24h.com.vn/kham-pha-cong-nghe/chu-lite-tren-galaxy-tab-s10-lite-co-nghia-la-may-bi-cat-giam-nhung-gi-c675a1782240.html
VTDĐ,"samsung tab s10 lite
samsung tab
z flip 8","https://www.thegioididong.com/may-tinh-bang/samsung-galaxy-tab-s10-lite-wifi-6gb-128gb
https://www.thegioididong.com/may-tinh-bang-samsung
https://www.thegioididong.com/dtdd/samsung-galaxy-z-flip8-12gb-256gb",https://giadinh.suckhoedoisong.vn/galaxy-tab-s10-lite-wifi-6gb-128gb-co-nhung-diem-noi-bat-nao-172260730175154305.htm
VTDĐ,"samsung z flip 8
samsung galaxy tab","https://www.thegioididong.com/dtdd/samsung-galaxy-z-flip8-12gb-256gb 
https://www.thegioididong.com/may-tinh-bang-samsung",https://congngheviet.com/galaxy-tab-s10-lite-huong-den-hoc-tap-giai-tri-hay-cong-viec/
VTDĐ,"galaxy z flip 8
samsung tab
fold 8","https://www.thegioididong.com/dtdd/samsung-galaxy-z-flip8-12gb-256gb
https://www.thegioididong.com/may-tinh-bang-samsung
https://www.thegioididong.com/dtdd/samsung-galaxy-z-fold8-12gb-256gb",https://kenh14.vn/galaxy-tab-s10-lite-phu-hop-voi-ai-va-nhom-nguoi-dung-nao-nen-bo-qua-215260729164014191.chn
VTDĐ,"tab s10 lite
samsung galaxy tab","https://www.thegioididong.com/may-tinh-bang/samsung-galaxy-tab-s10-lite-wifi-6gb-128gb
https://www.thegioididong.com/may-tinh-bang-samsung",https://thethaovanhoa.vn/trai-nghiem-tab-s10-lite-sau-mot-tuan-hoc-tap-va-ghi-chu-20260731145717707.htm
VTDĐ,tab s10 plus,https://www.thegioididong.com/may-tinh-bang/samsung-galaxy-tab-s10-plus,https://thanhnien.vn/galaxy-tab-s10-giam-gan-gia-tab-s11-chon-man-hinh-lon-hay-may-doi-moi-185260731084225959.htm
VTDĐ,"galaxy tab s10 plus
xiaomi pad mini
xiaomi pad 8 pro","https://www.thegioididong.com/may-tinh-bang/samsung-galaxy-tab-s10-plus
https://www.thegioididong.com/may-tinh-bang/xiaomi-pad-mini-wifi-8gb-256gb
https://www.thegioididong.com/may-tinh-bang/xiaomi-pad-8-pro-8gb-128gb",https://www.24h.com.vn/the-gioi-cong-nghe/galaxy-tab-s10-con-dang-can-nhac-khi-tab-s11-da-xuat-hien-c674a1781954.html
VTDĐ,"tab s10 plus
máy tính bảng","https://www.thegioididong.com/may-tinh-bang/samsung-galaxy-tab-s10-plus
https://www.thegioididong.com/may-tinh-bang",https://congngheviet.com/samsung-galaxy-tab-s10-wifi-256gb-tablet-man-hinh-lon-cho-ghi-chu-da-nhiem-va-giai-tri-di-dong/
VTDĐ,"tab s10 plus
xiaomi pad mini
xiaomi pad 8 pro","https://www.thegioididong.com/may-tinh-bang/samsung-galaxy-tab-s10-plus
https://www.thegioididong.com/may-tinh-bang/xiaomi-pad-mini-wifi-8gb-256gb
https://www.thegioididong.com/may-tinh-bang/xiaomi-pad-8-pro-8gb-128gb",https://kenh14.vn/camera-truoc-12mp-cua-tab-s10-co-du-tot-de-hop-truc-tuyen-215260730213715759.chn
VTDĐ,"tab s10 plus
máy tính bảng","https://www.thegioididong.com/may-tinh-bang/samsung-galaxy-tab-s10-plus
https://www.thegioididong.com/may-tinh-bang",https://thethaovanhoa.vn/dung-galaxy-tab-s10-sau-sau-thang-pin-man-hinh-va-hieu-nang-co-con-on-dinh-20260731141309914.htm
VTDĐ,tab s11 ultra,https://www.thegioididong.com/may-tinh-bang/samsung-galaxy-tab-s11-ultra-5g-12gb-256gb,https://thanhnien.vn/one-ui-85-co-giup-galaxy-tab-s11-ultra-tien-gan-laptop-hon-185260728142341482.htm
VTDĐ,"samsung galaxy tab s11 ultra
tablet giá rẻ
xiaomi","https://www.thegioididong.com/may-tinh-bang/samsung-galaxy-tab-s11-ultra-5g-12gb-256gb
https://www.thegioididong.com/may-tinh-bang
https://www.thegioididong.com/dtdd-xiaomi",https://www.24h.com.vn/kham-pha-cong-nghe/galaxy-tab-s11-ultra-phu-hop-nhat-voi-nhom-nguoi-dung-nao-c675a1782237.html
VTDĐ,"samsung galaxy tab s11 ultra
tablet giá rẻ
xiaomi","https://www.thegioididong.com/may-tinh-bang/samsung-galaxy-tab-s11-ultra-5g-12gb-256gb
https://www.thegioididong.com/may-tinh-bang
https://www.thegioididong.com/dtdd-xiaomi",https://giadinh.suckhoedoisong.vn/nguoi-lam-thiet-ke-nen-chon-tab-s11-ultra-hay-may-tinh-bang-ve-chuyen-dung-17226073017540402.htm
VTDĐ,"tab s11 ultra
galaxy tab s10+","https://www.thegioididong.com/may-tinh-bang/samsung-galaxy-tab-s11-ultra-5g-12gb-256gb
https://www.thegioididong.com/may-tinh-bang/samsung-galaxy-tab-s10-plus",https://congngheviet.com/samsung-galaxy-tab-s11-ultra-5g-lua-chon-cho-nguoi-can-tablet-lam-viec-da-nhiem/
VTDĐ,"samsung tab s11 ultra
tablet giá rẻ
xiaomi","https://www.thegioididong.com/may-tinh-bang/samsung-galaxy-tab-s11-ultra-5g-12gb-256gb
https://www.thegioididong.com/may-tinh-bang
https://www.thegioididong.com/dtdd-xiaomi",https://kenh14.vn/giao-vien-co-the-dung-tab-s11-ultra-thay-bang-viet-va-laptop-215260731143507068.chn
VTDĐ,"tab s11 ultra
galaxy tab s10+","https://www.thegioididong.com/may-tinh-bang/samsung-galaxy-tab-s11-ultra-5g-12gb-256gb
https://www.thegioididong.com/may-tinh-bang/samsung-galaxy-tab-s10-plus",https://thethaovanhoa.vn/dung-tab-s11-ultra-de-chinh-video-trong-mot-tuan-diem-gioi-han-nam-o-dau-20260728155247696.htm
VTDĐ,z fold 8,https://www.thegioididong.com/dtdd/samsung-galaxy-z-fold8-12gb-256gb,https://thanhnien.vn/oppo-pad-3-pro-co-gi-noi-bat-trong-phan-khuc-tablet-android-cao-cap-18526072915205453.htm
VTDĐ,"oppo pad 3 pro
tablet
giá xiaomi pad 8","https://www.thegioididong.com/may-tinh-bang/oppo-pad-3-pro
https://www.thegioididong.com/may-tinh-bang
https://www.thegioididong.com/may-tinh-bang/xiaomi-pad-8-8gb-128gb",https://www.24h.com.vn/the-gioi-cong-nghe/oppo-pad-3-pro-co-phu-hop-voi-sinh-vien-trong-nam-2026-c674a1782610.html
VTDĐ,"oppo pad 3 pro
tablet
giá xiaomi pad 8","https://www.thegioididong.com/may-tinh-bang/oppo-pad-3-pro
https://www.thegioididong.com/may-tinh-bang
https://www.thegioididong.com/may-tinh-bang/xiaomi-pad-8-8gb-128gb",https://giadinh.suckhoedoisong.vn/oppo-pad-3-pro-co-nong-khi-choi-game-lien-tuc-trong-mot-gio-172260730204526098.htm
VTDĐ,"oppo pad 3 pro
tablet","https://www.thegioididong.com/may-tinh-bang/oppo-pad-3-pro
https://www.thegioididong.com/may-tinh-bang",https://congngheviet.com/dung-word-excel-va-powerpoint-tren-oppo-pad-3-pro-co-thuan-tien/
VTDĐ,"oppo pad 3 pro
tablet
giá xiaomi pad 8","https://www.thegioididong.com/may-tinh-bang/oppo-pad-3-pro
https://www.thegioididong.com/may-tinh-bang
https://www.thegioididong.com/may-tinh-bang/xiaomi-pad-8-8gb-128gb",https://kenh14.vn/danh-gia-oppo-pad-3-pro-sau-mot-tuan-dieu-gi-gay-an-tuong-nhat-215260729163928874.chn
VTDĐ,"z flip 8
tablet","https://www.thegioididong.com/dtdd/samsung-galaxy-z-flip8-12gb-256gb 
https://www.thegioididong.com/may-tinh-bang",https://thethaovanhoa.vn/oppo-pad-3-pro-gia-1669-trieu-dong-con-hop-ly-trong-nam-2026-20260731150049795.htm
VTDĐ,xiaomi pad 8,https://www.thegioididong.com/may-tinh-bang/xiaomi-pad-8-8gb-128gb,https://thanhnien.vn/xiaomi-pad-8-8gb-128gb-co-gi-dang-chu-y-trong-phan-khuc-khoang-11-trieu-dong-185260728110638696.htm
VTDĐ,"xiaomi pad 8
xiaomi pad mini
samsung galaxy z flip 8","https://www.thegioididong.com/may-tinh-bang/xiaomi-pad-8-8gb-128gb
https://www.thegioididong.com/may-tinh-bang/xiaomi-pad-mini-wifi-8gb-256gb
https://www.thegioididong.com/dtdd/samsung-galaxy-z-flip8-12gb-256gb",https://www.24h.com.vn/kham-pha-cong-nghe/xiaomi-pad-8-la-tablet-giai-tri-may-choi-game-hay-thiet-bi-lam-viec-c675a1782239.html
VTDĐ,"samsung galaxy z fold 8
xiaomi pad mini
xiaomi pad 8 pro","https://www.thegioididong.com/dtdd/samsung-galaxy-z-fold8-12gb-256gb
https://www.thegioididong.com/may-tinh-bang/xiaomi-pad-mini-wifi-8gb-256gb
https://www.thegioididong.com/may-tinh-bang/xiaomi-pad-8-pro-8gb-128gb",https://giadinh.suckhoedoisong.vn/xiaomi-pad-8-co-that-su-can-bang-tot-giua-hieu-nang-man-hinh-va-tinh-di-dong-172260730174900913.htm
VTDĐ,"xiaomi pad 8
samsung galaxy z fold 8 ultra","https://www.thegioididong.com/may-tinh-bang/xiaomi-pad-8-8gb-128gb
https://www.thegioididong.com/dtdd/samsung-galaxy-z-fold8-ultra-12gb-256gb",https://congngheviet.com/xiaomi-pad-8-co-phu-hop-voi-hoc-sinh-hoc-truc-tuyen-va-lam-bai-tap/
VTDĐ,"z flip 8
xiaomi pad mini
galaxy z fold 8","https://www.thegioididong.com/dtdd/samsung-galaxy-z-flip8-12gb-256gb 
https://www.thegioididong.com/may-tinh-bang/xiaomi-pad-mini-wifi-8gb-256gb
https://www.thegioididong.com/dtdd/samsung-galaxy-z-fold8-12gb-256gb",https://kenh14.vn/sinh-vien-nen-mua-xiaomi-pad-8-hay-laptop-pho-thong-2152607291638475.chn
VTDĐ,"xiaomi pad 8
tablet xiaomi pad 8 pro","https://www.thegioididong.com/may-tinh-bang/xiaomi-pad-8-8gb-128gb
https://www.thegioididong.com/may-tinh-bang/xiaomi-pad-8-pro-8gb-128gb",https://thethaovanhoa.vn/snapdragon-8s-gen-4-tren-xiaomi-pad-8-manh-den-muc-nao-20260731150422402.htm
VTDĐ,"xiaomi pad 8 pro
xiaomi","https://www.thegioididong.com/may-tinh-bang/xiaomi-pad-8-pro-8gb-128gb
https://www.thegioididong.com/dtdd-xiaomi",https://vietstock.vn/2026/07/snapdragon-8-elite-tren-xiaomi-pad-8-pro-manh-den-dau-khi-choi-game-va-chinh-sua-video-4511-1473410.htm
VTDĐ,"xiaomi pad 8 pro
xiaomi","https://www.thegioididong.com/may-tinh-bang/xiaomi-pad-8-pro-8gb-128gb
https://www.thegioididong.com/dtdd-xiaomi",https://baodanang.vn/xiaomi-pad-8-pro-8gb-128gb-tablet-man-hinh-3-2-cho-hoc-tap-lam-viec-va-giai-tri-dai-hoi-3341970.html
VTDĐ,"xiaomi pad 8 pro
xiaomi","https://www.thegioididong.com/may-tinh-bang/xiaomi-pad-8-pro-8gb-128gb
https://www.thegioididong.com/dtdd-xiaomi",https://baohatinh.vn/xiaomi-pad-8-pro-8gb128gb-khi-tablet-tro-thanh-may-phu-cho-hoc-tap-va-lam-viec-di-dong-post313062.html?gidzl=uEb3DhwGXqZlz4Cmi8o1JkBpHJYhtuX5_A5FFABRZqhty4qpyesF7_VqJpEWY8uVzVHFD3XdIlLFjf6EI0
VTDĐ,"xiaomi pad 8 pro
điện thoại xiaomi","https://www.thegioididong.com/may-tinh-bang/xiaomi-pad-8-pro-8gb-128gb
https://www.thegioididong.com/dtdd-xiaomi",https://baodongnai.com.vn/doanh-nhan-doanh-nghiep/dich-vu/202606/xiaomi-pad-8-pro-8gb128gb-tablet-cho-nguoi-dung-xiaomi-muon-lam-viec-lien-mach-hon-0752170/?gidzl=GM3JE1oN-tH0Vz4w5uloUanus3GDXwOlKoJRObdJfIrG9eXXMOIbUWPrspTOXVT_1YMDC65lnXjv79JuTm
VTDĐ,"xiaomi pad 8 pro
điện thoại xiaomi","https://www.thegioididong.com/may-tinh-bang/xiaomi-pad-8-pro-8gb-128gb
https://www.thegioididong.com/dtdd-xiaomi",https://baolamdong.vn/xiaomi-pad-8-pro-8gb-128gb-nang-cap-dang-can-nhac-cho-nguoi-can-tablet-hoc-lam-viec-va-choi-game-muot-hon-451367.html?gidzl=Xdta92i1W6A7OkOc81o1OuvZxo4_7zjXnJFeSMj7Zc73FUntQqdUPiLXkoGxJTHZasMtSJMVJLTpAmA3OG
VTDĐ,"xiaomi pad mini
xiaomi","https://www.thegioididong.com/may-tinh-bang/xiaomi-pad-mini-wifi-8gb-256gb
https://www.thegioididong.com/dtdd-xiaomi",https://vietstock.vn/2026/07/xiaomi-pad-mini-tablet-android-nho-gon-dang-can-nhac-thay-ipad-mini-4511-1472055.htm
VTDĐ,"xiaomi pad mini
xiaomi","https://www.thegioididong.com/may-tinh-bang/xiaomi-pad-mini-wifi-8gb-256gb
https://www.thegioididong.com/dtdd-xiaomi",https://baodanang.vn/xiaomi-pad-mini-wifi-8gb-256gb-chon-tablet-mini-android-moi-hay-tiep-tuc-san-ipad-mini-cu-3342744.html?gidzl=izFCDB5cl3gopCuskdkzExlEnpUbU-S_y9x0P_4ZiZ_saCHXyItYEF3CapAXAUWzfiYVPpKmX4CxiMM_EG
VTDĐ,"xiaomi pad mini
xiaomi","https://www.thegioididong.com/may-tinh-bang/xiaomi-pad-mini-wifi-8gb-256gb
https://www.thegioididong.com/dtdd-xiaomi",https://baohatinh.vn/xiaomi-pad-mini-wifi-8gb256gb-tablet-nho-gon-co-du-suc-thay-may-phu-khi-di-hoc-di-lam-post313456.html
VTDĐ,"xiaomi pad mini
xiaomi chính hãng","https://www.thegioididong.com/may-tinh-bang/xiaomi-pad-mini-wifi-8gb-256gb
https://www.thegioididong.com/dtdd-xiaomi",https://baodongnai.com.vn/doanh-nhan-doanh-nghiep/dich-vu/202607/xiaomi-pad-mini-choi-game-tot-khong-suc-manh-dimensity-9400-va-man-hinh-165-hz-fd71e01/
VTDĐ,"xiaomi pad mini
xiaomi chính hãng","https://www.thegioididong.com/may-tinh-bang/xiaomi-pad-mini-wifi-8gb-256gb
https://www.thegioididong.com/dtdd-xiaomi",https://baolamdong.vn/man-hinh-3k-165-hz-tren-xiaomi-pad-mini-khac-biet-thuc-te-hay-chi-dep-o-thong-so-456655.html
VTDĐ,"tab s10 fe plus
máy tính bảng","https://www.thegioididong.com/may-tinh-bang/samsung-galaxy-tab-s10-fe-plus
https://www.thegioididong.com/may-tinh-bang",https://vietstock.vn/2026/07/sau-mot-nam-ra-mat-tab-s10-fe-con-dung-o-dau-trong-he-sinh-thai-samsung-4511-1473438.htm
VTDĐ,"tab s10 fe plus
máy tính bảng","https://www.thegioididong.com/may-tinh-bang/samsung-galaxy-tab-s10-fe-plus
https://www.thegioididong.com/may-tinh-bang",https://baodanang.vn/so-sanh-chi-tiet-giua-tab-s10-fe-va-galaxy-tab-s11-3346702.html
VTDĐ,"samsung tab s10 fe plus
samsung galaxy tab","https://www.thegioididong.com/may-tinh-bang/samsung-galaxy-tab-s10-fe-plus
https://www.thegioididong.com/may-tinh-bang-samsung",https://baohatinh.vn/galaxy-tab-s10-fe-phu-hop-nhat-voi-ai-post314774.html
VTDĐ,"samsung tab s10 fe plus
samsung galaxy tab","https://www.thegioididong.com/may-tinh-bang/samsung-galaxy-tab-s10-fe-plus
https://www.thegioididong.com/may-tinh-bang-samsung",https://baodongnai.com.vn/doanh-nhan-doanh-nghiep/dich-vu/202607/ai-nen-chon-tab-s10-fe-thay-vi-ban-tab-s10-fe-109-inch-6be079d/
VTDĐ,"galaxy tab s10 fe plus
samsung tab s11 256gb","https://www.thegioididong.com/may-tinh-bang/samsung-galaxy-tab-s10-fe-plus
https://www.thegioididong.com/may-tinh-bang/samsung-galaxy-tab-s11-wifi-12gb-256gb",https://baolamdong.vn/galaxy-tab-s10-fe-nam-2026-exynos-1580-con-du-manh-cho-nhu-cau-nao-456958.html
VTDĐ,"oppo pad se
tablet","https://www.thegioididong.com/may-tinh-bang/oppo-pad-se-wifi-4gb-128gb
https://www.thegioididong.com/may-tinh-bang",https://vietstock.vn/2026/07/mot-ngay-dung-oppo-pad-se-cho-hoc-tap-lam-viec-va-giai-tri-4511-1472057.htm
VTDĐ,"oppo pad se
tablet","https://www.thegioididong.com/may-tinh-bang/oppo-pad-se-wifi-4gb-128gb
https://www.thegioididong.com/may-tinh-bang",https://baohatinh.vn/sinh-vien-nen-mua-oppo-pad-se-hay-co-them-tien-cho-tablet-ram-8-gb-post314830.html
VTDĐ,"oppo pad se
máy tính bảng giá rẻ","https://www.thegioididong.com/may-tinh-bang/oppo-pad-se-wifi-4gb-128gb
https://www.thegioididong.com/may-tinh-bang",https://baodongnai.com.vn/doanh-nhan-doanh-nghiep/dich-vu/202607/oppo-pad-se-xem-netflix-youtube-co-tot-khong-trai-nghiem-man-hinh-va-4-loa-2460f6c/
VTDĐ,"oppo pad se
máy tính bảng giá rẻ","https://www.thegioididong.com/may-tinh-bang/oppo-pad-se-wifi-4gb-128gb
https://www.thegioididong.com/may-tinh-bang",https://baolamdong.vn/danh-gia-oppo-pad-se-wifi-4gb-128gb-pin-lon-co-phai-uu-diem-dang-tien-nhat-456232.html
VTDĐ,"galaxy tab s10 fe 5g
samsung galaxy tab s10 lite","https://www.thegioididong.com/may-tinh-bang/samsung-galaxy-tab-s10-fe-5g
https://www.thegioididong.com/may-tinh-bang/samsung-galaxy-tab-s10-lite-wifi-6gb-128gb",https://vietstock.vn/2026/07/galaxy-tab-s10-fe-5g-s-pen-ket-noi-5g-hay-ip68-dang-gia-hon-4511-1472757.htm
VTDĐ,"galaxy tab s10 fe 5g
samsung galaxy tab s10 lite","https://www.thegioididong.com/may-tinh-bang/samsung-galaxy-tab-s10-fe-5g
https://www.thegioididong.com/may-tinh-bang/samsung-galaxy-tab-s10-lite-wifi-6gb-128gb",https://baohatinh.vn/galaxy-tab-s10-fe-co-du-suc-thay-laptop-cho-dan-van-phong-post314859.html
VTDĐ,"galaxy tab s10 fe 5g
samsung galaxy tab s11 ultra","https://www.thegioididong.com/may-tinh-bang/samsung-galaxy-tab-s10-fe-5g
https://www.thegioididong.com/may-tinh-bang/samsung-galaxy-tab-s11-ultra-5g-12gb-256gb",https://baodongnai.com.vn/doanh-nhan-doanh-nghiep/dich-vu/202607/dung-galaxy-tab-s10-fe-sau-mot-thang-s-pen-thay-vo-giay-hieu-qua-den-dau-4bf0f8b/
VTDĐ,"galaxy tab s10 fe 5g
samsung galaxy tab s11 ultra","https://www.thegioididong.com/may-tinh-bang/samsung-galaxy-tab-s10-fe-5g
https://www.thegioididong.com/may-tinh-bang/samsung-galaxy-tab-s11-ultra-5g-12gb-256gb",https://baolamdong.vn/co-khoang-14-trieu-dong-nen-mua-galaxy-tab-s10-fe-5g-hay-dau-tu-vao-laptop-456430.html
VTDĐ,"oppo pad 5
xiaomi pad mini","https://www.thegioididong.com/may-tinh-bang/oppo-pad-5-8gb-256gb
https://www.thegioididong.com/may-tinh-bang/xiaomi-pad-mini-wifi-8gb-256gb",https://vietstock.vn/2026/07/oppo-pad-5-8gb256gb-co-gi-noi-bat-ngoai-man-hinh-lon-4511-1473391.htm
VTDĐ,"oppo pad 5
xiaomi pad mini","https://www.thegioididong.com/may-tinh-bang/oppo-pad-5-8gb-256gb
https://www.thegioididong.com/may-tinh-bang/xiaomi-pad-mini-wifi-8gb-256gb",https://baohatinh.vn/oppo-pad-5-phu-hop-voi-nguoi-lam-noi-dung-mang-xa-hoi-den-muc-nao-post314709.html
VTDĐ,"oppo pad 5
xiaomi pad 8 pro","https://www.thegioididong.com/may-tinh-bang/oppo-pad-5-8gb-256gb
https://www.thegioididong.com/may-tinh-bang/xiaomi-pad-8-pro-8gb-128gb",https://baodongnai.com.vn/doanh-nhan-doanh-nghiep/dich-vu/202607/ai-khong-nen-mua-oppo-pad-5-du-san-pham-co-pin-va-man-hinh-lon-5401e39/
VTDĐ,"oppo pad 5
xiaomi pad 8 pro","https://www.thegioididong.com/may-tinh-bang/oppo-pad-5-8gb-256gb
https://www.thegioididong.com/may-tinh-bang/xiaomi-pad-8-pro-8gb-128gb",https://baolamdong.vn/game-thu-mobile-co-nen-chon-oppo-pad-5-hay-tablet-cau-hinh-cao-hon-456642.html
VTDĐ,"honor pad x7
máy tính bảng","https://www.thegioididong.com/may-tinh-bang/honor-pad-x7-wifi-4gb-64gb
https://www.thegioididong.com/may-tinh-bang",https://vietstock.vn/2026/07/honor-pad-x7-phu-hop-voi-ai-va-nhom-nguoi-dung-nao-nen-bo-qua-4511-1473397.htm
VTDĐ,"honor pad x7
máy tính bảng","https://www.thegioididong.com/may-tinh-bang/honor-pad-x7-wifi-4gb-64gb
https://www.thegioididong.com/may-tinh-bang",https://baodanang.vn/honor-pad-x7-phu-hop-voi-nhu-cau-hang-ngay-3346865.html
VTDĐ,"honor pad x7
máy tính bảng","https://www.thegioididong.com/may-tinh-bang/honor-pad-x7-wifi-4gb-64gb
https://www.thegioididong.com/may-tinh-bang",https://baohatinh.vn/honor-pad-x7-nen-duoc-xem-la-tablet-chinh-hay-thiet-bi-phu-post314776.html
VTDĐ,"honor pad x7
máy tính bảng","https://www.thegioididong.com/may-tinh-bang/honor-pad-x7-wifi-4gb-64gb
https://www.thegioididong.com/may-tinh-bang",https://baodongnai.com.vn/doanh-nhan-doanh-nghiep/dich-vu/202607/trai-nghiem-cam-honor-pad-x7-bang-mot-tay-365g-co-that-su-nhe-7ee075b/
VTDĐ,"redmi pad 2 pro 5g
máy tính bảng","https://www.thegioididong.com/may-tinh-bang/xiaomi-redmi-pad-2-pro-5g-6gb-128gb
https://www.thegioididong.com/may-tinh-bang",https://vietstock.vn/2026/07/redmi-pad-2-pro-nam-2026-man-hinh-lon-pin-cao-va-5g-con-loi-the-gi-4511-1472058.htm
VTDĐ,"redmi pad 2 pro 5g
máy tính bảng","https://www.thegioididong.com/may-tinh-bang/xiaomi-redmi-pad-2-pro-5g-6gb-128gb
https://www.thegioididong.com/may-tinh-bang",https://baohatinh.vn/redmi-pad-2-pro-5g-co-phai-lua-chon-can-bang-giua-giai-tri-va-lam-viec-post314825.html
VTDĐ,"xiaomi redmi pad 2 pro 5g
tablet giá rẻ","https://www.thegioididong.com/may-tinh-bang/xiaomi-redmi-pad-2-pro-5g-6gb-128gb
https://www.thegioididong.com/may-tinh-bang",https://baodongnai.com.vn/doanh-nhan-doanh-nghiep/dich-vu/202607/phu-huynh-co-nen-mua-redmi-pad-2-pro-cho-tre-hoc-online-99e0f2c/
Apple,"iphone
giá iphone 17 pro max","https://www.thegioididong.com/dtdd-apple-iphone
https://www.thegioididong.com/dtdd/iphone-17-pro-max",https://vnexpress.net/nhung-yeu-to-tao-suc-hut-tren-iphone-17-pro-max-5093682.html
Apple,"iphone
giá iphone 17 pro max","https://www.thegioididong.com/dtdd-apple-iphone
https://www.thegioididong.com/dtdd/iphone-17-pro-max",https://vietnamnet.vn/apple-giam-15-san-luong-iphone-17-truoc-them-ra-mat-vi-sao-2532412.html
Apple,iphone,https://www.thegioididong.com/dtdd-apple-iphone,https://thanhnien.vn/gia-iphone-17-chinh-hang-giam-tai-nhieu-dai-ly-185260728085642066.htm
Apple,"iphone
ipad
macbook","https://www.thegioididong.com/dtdd-apple-iphone
https://www.thegioididong.com/may-tinh-bang-apple-ipad
https://www.thegioididong.com/laptop-apple-macbook",https://cafef.vn/iphone-17-giup-apple-dat-thi-phan-ky-luc-188260729164313019.chn
Apple,"iphone
giá iphone 17 pro max","https://www.thegioididong.com/dtdd-apple-iphone
https://www.thegioididong.com/dtdd/iphone-17-pro-max",https://vietstock.vn/2026/07/vi-sao-iphone-13-van-con-suc-hut-sau-nhieu-the-he-4511-1472741.htm
Apple,"iphone
giá iphone 17 pro max","https://www.thegioididong.com/dtdd-apple-iphone
https://www.thegioididong.com/dtdd/iphone-17-pro-max",https://baodanang.vn/ios-27-co-the-thay-doi-thoi-quen-dung-iphone-va-ipad-suot-15-nam-qua-3343587.html
Apple,"iphone
giá iphone 17 pro max","https://www.thegioididong.com/dtdd-apple-iphone
https://www.thegioididong.com/dtdd/iphone-17-pro-max",https://baohatinh.vn/khong-phai-iphone-17-day-moi-la-chiec-iphone-dang-mua-nhat-hien-nay-post313580.html
Apple,"iphone
giá iphone 17 pro max","https://www.thegioididong.com/dtdd-apple-iphone
https://www.thegioididong.com/dtdd/iphone-17-pro-max",https://baodongnai.com.vn/doanh-nhan-doanh-nghiep/dich-vu/202607/nen-lam-gi-neu-iphone-cua-ban-bi-danh-cap-huong-dan-chi-tiet-hon-tu-apple-c1c0eac/
Apple,"mua iphone
iphone 17 series","https://www.thegioididong.com/dtdd-apple-iphone
https://www.thegioididong.com/dtdd-apple-iphone-17-series",https://sohuutritue.net.vn/nguoi-mua-tre-chon-iphone-theo-mau-sac-camera-hay-he-sinh-thai-d405568.html
Apple,"mua iphone
iphone 17 series","https://www.thegioididong.com/dtdd-apple-iphone
https://www.thegioididong.com/dtdd-apple-iphone-17-series",https://giadinhmoi.vn/day-la-nhung-phu-kien-magsafe-toi-thich-nhat-khi-dung-iphone-moi-ngay-d99377.html
Apple,"iphone 17 series
iphone air
iphone 17 256gb","https://www.thegioididong.com/dtdd-apple-iphone-17-series
https://www.thegioididong.com/dtdd-apple-iphone-air
https://www.thegioididong.com/dtdd/iphone-17",https://giadinh.suckhoedoisong.vn/mua-iphone-17-dung-chi-nhin-ban-pro-max-chon-dung-theo-thoi-quen-dung-moi-la-cach-tiet-kiem-172260630132122139.htm
Apple,"iphone 17 series
macbook neo 2026","https://www.thegioididong.com/dtdd-apple-iphone-17-series
https://www.thegioididong.com/laptop-apple-macbook-macbook-neo",https://bongda24h.vn/tin-tuc-tong-hop/uu-tien-iphone-17-hay-cho-mot-chiec-macbook-moi-205-454135.html
Apple,"iphone 17 series
macbook neo 2026","https://www.thegioididong.com/dtdd-apple-iphone-17-series
https://www.thegioididong.com/laptop-apple-macbook-macbook-neo",https://vietstock.vn/2026/07/iphone-17-va-bai-toan-lam-viec-di-dong-chon-dien-thoai-khong-chi-de-nghe-goi-4511-1460882.htm
Apple,iphone 17,https://www.thegioididong.com/dtdd-apple-iphone-17-series,https://giaoducthoidai.vn/chon-iphone-17-cho-tan-sinh-vien-nen-nhin-vao-nhu-cau-hoc-tap-dai-han-post783808.html?gidzl=7I5oHjbUzsWSFd14qaFqQ10yTaV8Hg4z3JXs7yb4zZGDRoLCcHIgRrbfVKBE4_azNMfvG3RsJhORsLtqQm
Apple,"iphone 17 series
macbook neo 2026","https://www.thegioididong.com/dtdd-apple-iphone-17-series
https://www.thegioididong.com/laptop-apple-macbook-macbook-neo",https://thethaovanhoa.vn/mua-su-kien-2026-chon-iphone-17-the-nao-de-vua-giai-tri-vua-lam-viec-hieu-qua-20260701173952587.htm
Apple,"iphone 17 series
macbook neo 2026","https://www.thegioididong.com/dtdd-apple-iphone-17-series
https://www.thegioididong.com/laptop-apple-macbook-macbook-neo",https://baodanang.vn/iphone-17-pro-max-256gb-giam-sau-thoi-diem-thich-hop-de-nguoi-dung-nang-cap-3341923.html?gidzl=aXL-JneTHLMJ2dnD4G50L9i9VayF1KHHXmHq65uBJ0xJ2dCK3LSU28vP9HG2LKm3sGWYJcEwEGWl6Xv6LW
Apple,"iphone 17
iphone 17 pro max
iphone 17 pro","https://www.thegioididong.com/dtdd-apple-iphone-17-series
https://www.thegioididong.com/dtdd/iphone-17-pro-max
https://www.thegioididong.com/dtdd/iphone-17-pro",https://genk.vn/sau-mot-nam-iphone-17-van-hut-khach-nho-trai-nghiem-ben-va-lua-chon-nang-cap-ro-rang-165260627085834284.chn
Apple,"iphone 17 series
macbook neo 2026","https://www.thegioididong.com/dtdd-apple-iphone-17-series
https://www.thegioididong.com/laptop-apple-macbook-macbook-neo",https://baohatinh.vn/mua-iphone-moi-nam-2026-dung-chi-tinh-gia-may-hay-tinh-ca-vong-doi-su-dung-post313457.html
Apple,"iphone 17 series
macbook neo 2026","https://www.thegioididong.com/dtdd-apple-iphone-17-series
https://www.thegioididong.com/laptop-apple-macbook-macbook-neo",https://baodongnai.com.vn/doanh-nhan-doanh-nghiep/dich-vu/202607/nhung-smartphone-co-the-canh-tranh-song-phang-voi-iphone-17-khong-chi-la-cuoc-dua-cau-hinh-a7e0d03/
Apple,"iphone 17 series
macbook neo 2026","https://www.thegioididong.com/dtdd-apple-iphone-17-series
https://www.thegioididong.com/laptop-apple-macbook-macbook-neo",https://baolamdong.vn/iphone-nao-dang-re-va-dang-mua-nam-2026-chon-theo-ngan-sach-hay-nhu-cau-su-dung-452421.html
Apple,"iphone 17 series
macbook neo 2026","https://www.thegioididong.com/dtdd-apple-iphone-17-series
https://www.thegioididong.com/laptop-apple-macbook-macbook-neo",https://www.saostar.vn/cong-nghe/i-phone-17-truoc-ap-luc-i-phone-moi-khi-nao-nen-cho-khi-nao-nen-mua-202607071425478546.html
Apple,"iphone 17
iphone 17 pro max
iphone 17 pro","https://www.thegioididong.com/dtdd-apple-iphone-17-series
https://www.thegioididong.com/dtdd/iphone-17-pro-max
https://www.thegioididong.com/dtdd/iphone-17-pro",https://www.techz.vn/143-726-6-iphone-dung-luong-bao-nhieu-la-du-dung-trong-2026-dung-chon-theo-cam-tinh-ylt700496.html
Apple,"iphone 17 series
macbook neo 2026","https://www.thegioididong.com/dtdd-apple-iphone-17-series
https://www.thegioididong.com/laptop-apple-macbook-macbook-neo",https://baoangiang.com.vn/iphone-moi-2026-co-the-dat-hon-nguoi-dung-nen-cho-hay-chon-iphone-17-a492404.html
Apple,"iphone 17 series
macbook neo 2026","https://www.thegioididong.com/dtdd-apple-iphone-17-series
https://www.thegioididong.com/laptop-apple-macbook-macbook-neo",https://baothanhhoa.vn/goc-tu-van-san-pham-cong-nghe-ngoai-iphone-17-con-nhung-lua-chon-re-hon-van-du-cong-nghe-dang-can-nhac-294179.htm
Apple,"iphone 17 series
macbook neo 2026","https://www.thegioididong.com/dtdd-apple-iphone-17-series
https://www.thegioididong.com/laptop-apple-macbook-macbook-neo",https://sohuutritue.net.vn/apple-co-the-tang-gia-iphone-nguoi-dung-nen-cho-the-he-moi-hay-mua-iphone-17-luc-nay-d401065.html
Apple,"iphone 17 series
macbook neo 2026","https://www.thegioididong.com/dtdd-apple-iphone-17-series
https://www.thegioididong.com/laptop-apple-macbook-macbook-neo",https://baotuyenquang.com.vn/thong-tin-quang-cao/202607/iphone-17-cam-vu-tru-sau-1-nam-con-hot-nho-gia-tri-quay-chup-thuc-te-8a85b34/?gidzl=iOHGKoHsT0omcr9HBsnq3R-ULb8sQN5QyvfKLMLgTGQZpm1SCpqk3l7C051YEICDffu1Np6dmnTg97Lt3m
Apple,"iphone 17
iphone 15
iphone 16
iphone air
iphone","https://www.thegioididong.com/dtdd-apple-iphone-17-series
https://www.thegioididong.com/dtdd-apple-iphone-15-series
https://www.thegioididong.com/dtdd-apple-iphone-16-series
https://www.thegioididong.com/dtdd-apple-iphone-air
https://www.thegioididong.com/dtdd-apple-iphone",https://vnreview.vn/threads/nhung-mong-doi-tu-iphone-moi-nam-2027-mong-hon-thong-minh-hon-va-thuc-te-hon.87639/
Apple,"iphone 17 series
iphone air
iphone 17 256gb","https://www.thegioididong.com/dtdd-apple-iphone-17-series
https://www.thegioididong.com/dtdd-apple-iphone-air
https://www.thegioididong.com/dtdd/iphone-17",https://emdep.vn/song-xanh/lich-trinh-ra-mat-iphone-18-he-lo-chip-a20-nguoi-dung-co-nen-cho-the-he-moi-20260703134141206.htm
Apple,"iphone 17 series
macbook neo 2026","https://www.thegioididong.com/dtdd-apple-iphone-17-series
https://www.thegioididong.com/laptop-apple-macbook-macbook-neo",https://baocamau.vn/tai-sao-iphone-ban-tai-my-thuong-re-hon-so-voi-nhieu-thi-truong-quoc-te-a130378.html
Apple,"iphone 17 series
macbook neo 2026","https://www.thegioididong.com/dtdd-apple-iphone-17-series
https://www.thegioididong.com/laptop-apple-macbook-macbook-neo",https://giadinhmoi.vn/co-nen-mua-pin-du-phong-magsafe-cho-iphone-tien-that-nhung-khong-phai-ai-cung-can-d99344.html
Apple,"iphone 17 series
macbook neo 2026","https://www.thegioididong.com/dtdd-apple-iphone-17-series
https://www.thegioididong.com/laptop-apple-macbook-macbook-neo",https://congngheviet.com/nen-mua-iphone-17-hay-galaxy-s26-chon-theo-he-sinh-thai-hay-trai-nghiem-su-dung/
Apple,"iphone 17 series
iphone air
iphone 17 256gb","https://www.thegioididong.com/dtdd-apple-iphone-17-series
https://www.thegioididong.com/dtdd-apple-iphone-air
https://www.thegioididong.com/dtdd/iphone-17",https://2game.vn/tat-ca-nhung-gi-can-biet-ve-iphone-17-truoc-khi-xuong-tien-post465553.html
Apple,"iphone 17 series
iphone 17 256gb
iphone 17 pro 256gb","https://www.thegioididong.com/dtdd-apple-iphone-17-series
https://www.thegioididong.com/dtdd/iphone-17
https://www.thegioididong.com/dtdd/iphone-17-pro",https://lag.vn/tin/cong-nghe/day-la-thoi-diem-tot-de-mua-iphone-17-vi-sao-.html
Apple,"iphone 17 series
iphone 17 256gb
iphone 17 pro 256gb","https://www.thegioididong.com/dtdd-apple-iphone-17-series
https://www.thegioididong.com/dtdd/iphone-17
https://www.thegioididong.com/dtdd/iphone-17-pro",https://songdep.com.vn/so-sanh-iphone-17-voi-iphone-air-17-pro-17-pro-max-4-khac-biet-lon-nhat-can-biet-truoc-khi-mua-d27510.html
Apple,"iphone 17 series
macbook neo 2026","https://www.thegioididong.com/dtdd-apple-iphone-17-series
https://www.thegioididong.com/laptop-apple-macbook-macbook-neo",https://2dep.vn/tot-hon-het-la-ban-nen-mua-iphone-17-ngay-bay-gio-vi-sao-017377757.html
Apple,"iphone 17 series
iphone 16 series
iphone air
macbook","https://www.thegioididong.com/dtdd-apple-iphone-17-series
https://www.thegioididong.com/dtdd-apple-iphone-16-series
https://www.thegioididong.com/dtdd-apple-iphone-air
https://www.thegioididong.com/laptop-apple-macbook",https://trangcongnghe.com.vn/thiet-bi-so/mobile/5039-dong-iphone-17-cua-apple-co-the-la-the-he-dang-gia-nhat-tu-truoc-den-nay.html
Apple,"iphone 17 series
iphone 17 256gb
iphone 17 pro 256gb","https://www.thegioididong.com/dtdd-apple-iphone-17-series
https://www.thegioididong.com/dtdd/iphone-17
https://www.thegioididong.com/dtdd/iphone-17-pro",https://doanhnghiepcuocsong.vn/iphone-17-pro-sau-9-thang-su-dung-mot-chiec-dien-thoai-tot-theo-nghia-rat-thuc-te-a268062.html?gidzl=C_Nk7n3DbnCowkmT6zUM5Zlkx1e4qSD09BgyIr62n1HtihjFLjh8G27Wv1m2tSyTAkMs5JGH2Kev4CwK40
Apple,"macbook
apple macbook neo","https://www.thegioididong.com/laptop-apple-macbook
https://www.thegioididong.com/laptop-apple-macbook-macbook-neo",https://vnexpress.net/macbook-giu-suc-hut-voi-gioi-van-phong-nha-sang-tao-noi-dung-5095143.html
Apple,"macbook
apple macbook neo","https://www.thegioididong.com/laptop-apple-macbook
https://www.thegioididong.com/laptop-apple-macbook-macbook-neo",https://vietnamnet.vn/mua-laptop-chon-gia-hay-uu-tien-do-ben-2534352.html
Apple,macbook,https://www.thegioididong.com/laptop-apple-macbook,https://thanhnien.vn/nguoi-dung-doi-laptop-nam-2026-vi-sao-macbook-duoc-can-nhac-nhieu-hon-185260711145651285.htm
Apple,"macbook
macbook air
macbook pro","https://www.thegioididong.com/laptop-apple-macbook
https://www.thegioididong.com/laptop-apple-macbook-air
https://www.thegioididong.com/laptop-apple-macbook-pro",https://dantri.com.vn/cong-nghe/macbook-tu-may-cho-dan-thiet-ke-den-lua-chon-cua-gioi-van-phong-20260713174217029.htm
Apple,"macbook
macbook air
macbook pro","https://www.thegioididong.com/laptop-apple-macbook
https://www.thegioididong.com/laptop-apple-macbook-air
https://www.thegioididong.com/laptop-apple-macbook-pro",https://cafef.vn/macbook-dang-tro-thanh-lua-chon-dai-han-hon-la-mon-do-cong-nghe-xa-xi-188260715174831472.chn
Apple,"laptop macbook
macbook air
macbook pro","https://www.thegioididong.com/laptop-apple-macbook
https://www.thegioididong.com/laptop-apple-macbook-air
https://www.thegioididong.com/laptop-apple-macbook-pro",https://suckhoedoisong.vn/vi-sao-nhieu-nguoi-san-sang-tra-them-tien-de-chon-macbook-thay-vi-laptop-cau-hinh-cao-hon-169260715203301985.htm
Apple,"laptop macbook
macbook air
macbook pro","https://www.thegioididong.com/laptop-apple-macbook
https://www.thegioididong.com/laptop-apple-macbook-air
https://www.thegioididong.com/laptop-apple-macbook-pro",https://tienphong.vn/ai-tren-macbook-co-that-su-huu-ich-hay-chi-la-cuoc-dua-tinh-nang-moi-post1860643.tpo
Apple,"macbook
apple macbook neo","https://www.thegioididong.com/laptop-apple-macbook
https://www.thegioididong.com/laptop-apple-macbook-macbook-neo",https://congngheviet.com/laptop-cu-van-dung-duoc-nhung-co-dang-lam-ban-mat-thoi-gian-moi-ngay/
Apple,"macbook
apple macbook neo","https://www.thegioididong.com/laptop-apple-macbook
https://www.thegioididong.com/laptop-apple-macbook-macbook-neo",https://znews.vn/pin-yeu-may-nong-mo-app-cham-va-cac-dau-hieu-nen-doi-macbook-moi-post1670044.html
Apple,"macbook
macbook air
macbook pro","https://www.thegioididong.com/laptop-apple-macbook
https://www.thegioididong.com/laptop-apple-macbook-air
https://www.thegioididong.com/laptop-apple-macbook-pro",https://kenh14.vn/lam-viec-ca-ngay-bang-laptop-vi-sao-trai-nghiem-muot-va-pin-lau-co-the-quan-trong-hon-cau-hinh-215260718121356008.chn
Apple,"macbook
macbook air
macbook pro","https://www.thegioididong.com/laptop-apple-macbook
https://www.thegioididong.com/laptop-apple-macbook-air
https://www.thegioididong.com/laptop-apple-macbook-pro",https://soha.vn/thuong-xuyen-lam-viec-ngoai-van-phong-macbook-co-the-la-khoan-dau-tu-dang-can-nhac-198260718173753026.htm
Apple,laptop macbook,https://www.thegioididong.com/laptop-apple-macbook,https://danviet.vn/mot-chiec-laptop-nhe-pin-lau-co-the-thay-doi-cach-lam-viec-cua-dan-van-phong-nhu-the-nao-d1445001.html
Apple,"macbook
macbook air
macbook pro","https://www.thegioididong.com/laptop-apple-macbook
https://www.thegioididong.com/laptop-apple-macbook-air
https://www.thegioididong.com/laptop-apple-macbook-pro",https://eva.vn/tieu-dung/macbook-co-that-su-giup-lam-viec-tap-trung-hon-hay-chi-la-cam-giac-cao-cap-c2a677428.html
Apple,"macbook
macbook air
macbook pro","https://www.thegioididong.com/laptop-apple-macbook
https://www.thegioididong.com/laptop-apple-macbook-air
https://www.thegioididong.com/laptop-apple-macbook-pro",https://cafebiz.vn/mua-laptop-de-dung-4-5-nam-vi-sao-macbook-thuong-duoc-dua-vao-danh-sach-dau-tien-176260723194246283.chn
Apple,"macbook neo
macbook
macbook air","https://www.thegioididong.com/laptop-apple-macbook-macbook-neo
https://www.thegioididong.com/laptop-apple-macbook
https://www.thegioididong.com/laptop-apple-macbook-air",https://vietnambiz.vn/nhung-diem-can-can-nhac-khi-mua-macbook-neo-20267108655896.htm
Apple,"macbook neo
laptop macbook","https://www.thegioididong.com/laptop-apple-macbook-macbook-neo
https://www.thegioididong.com/laptop-apple-macbook",https://thethaovanhoa.vn/macbook-neo-khong-danh-cho-ai-nhung-nhom-nguoi-nen-can-nhac-ky-truoc-khi-mua-20260710144354236.htm
Apple,"macbook neo
laptop macbook","https://www.thegioididong.com/laptop-apple-macbook-macbook-neo
https://www.thegioididong.com/laptop-apple-macbook",https://baodanang.vn/nhom-nguoi-dung-phu-hop-voi-macbook-neo-3343588.html?gidzl=CpttTc2-Sb8o8lLqQwDrK3CYz7DyyoO4VtcbBIVp8mXrTAGW8w1n02Caf2Poz2PITYId8Z5XihOHOBrnKG
Apple,"macbook neo
macbook
macbook air","https://www.thegioididong.com/laptop-apple-macbook-macbook-neo
https://www.thegioididong.com/laptop-apple-macbook
https://www.thegioididong.com/laptop-apple-macbook-air",https://genk.vn/hieu-ung-neo-chiec-may-mac-re-nhat-cua-apple-dang-doi-cuoc-choi-pc-165260711124941112.chn
Apple,"macbook neo
laptop macbook","https://www.thegioididong.com/laptop-apple-macbook-macbook-neo
https://www.thegioididong.com/laptop-apple-macbook",https://baohatinh.vn/vi-sao-macbook-neo-duong-nhu-dang-pho-bien-rat-nhanh-post313854.html?gidzl=SABIU07w3ZznlT1w2kS6CNw-td8JuLHZOUgE8qQoKpSoueadGUfVOsImrdGLxLW-RxM4VJH3QUzo0VaDF0
Apple,"macbook neo
laptop macbook","https://www.thegioididong.com/laptop-apple-macbook-macbook-neo
https://www.thegioididong.com/laptop-apple-macbook",https://baodongnai.com.vn/doanh-nhan-doanh-nghiep/dich-vu/202607/macbook-neo-duoc-ua-chuong-apple-duoc-cho-la-da-tang-gap-doi-san-luong-2dc0d7c/
Apple,"macbook neo
laptop macbook","https://www.thegioididong.com/laptop-apple-macbook-macbook-neo
https://www.thegioididong.com/laptop-apple-macbook",https://ngoisao.vnexpress.net/nhung-uu-the-cua-macbook-neo-voi-sinh-vien-dan-van-phong-5094834.html
Apple,"macbook neo
laptop macbook","https://www.thegioididong.com/laptop-apple-macbook-macbook-neo
https://www.thegioididong.com/laptop-apple-macbook",https://www.saostar.vn/cong-nghe/nha-phan-tich-du-doan-mac-book-neo-co-the-tang-gia-nguoi-dung-nen-hieu-202607071432374404.html
Apple,"macbook neo
macbook
macbook air","https://www.thegioididong.com/laptop-apple-macbook-macbook-neo
https://www.thegioididong.com/laptop-apple-macbook
https://www.thegioididong.com/laptop-apple-macbook-air",https://www.techz.vn/143-726-6-macbook-neo-co-qua-cham-khong-cau-tra-loi-phu-thuoc-vao-cach-ban-dung-may-ylt700568.html
Apple,"macbook neo
laptop macbook","https://www.thegioididong.com/laptop-apple-macbook-macbook-neo
https://www.thegioididong.com/laptop-apple-macbook",https://ngoisao.vn/cong-nghe/san-pham-hot/nhu-cau-macbook-neo-vuot-du-bao-apple-duoc-cho-la-phai-mo-rong-san-xuat-d488096.html
Apple,"macbook neo
macbook
macbook air","https://www.thegioididong.com/laptop-apple-macbook-macbook-neo
https://www.thegioididong.com/laptop-apple-macbook
https://www.thegioididong.com/laptop-apple-macbook-air",https://vietnammoi.vn/macbook-neo-da-cat-giam-hau-het-nhung-chi-tiet-can-thiet-doi-lai-la-mot-chiec-mac-de-tiep-can-hon-2026712103642697.htm
Apple,"macbook neo
laptop macbook","https://www.thegioididong.com/laptop-apple-macbook-macbook-neo
https://www.thegioididong.com/laptop-apple-macbook",https://baotuyenquang.com.vn/thong-tin-quang-cao/202607/macbook-neo-co-nen-mua-de-lam-thiet-bi-chinh-47e5b82/
Apple,"macbook neo
macbook
macbook air","https://www.thegioididong.com/laptop-apple-macbook-macbook-neo
https://www.thegioididong.com/laptop-apple-macbook
https://www.thegioididong.com/laptop-apple-macbook-air",https://gamek.vn/danh-gia-macbook-neo-lua-chon-de-lam-quen-cho-nguoi-dung-laptop-lan-dau-178260715103110109.chn
Apple,"macbook neo
macbook
macbook air","https://www.thegioididong.com/laptop-apple-macbook-macbook-neo
https://www.thegioididong.com/laptop-apple-macbook
https://www.thegioididong.com/laptop-apple-macbook-air",https://tiin.vn/chuyen-muc/sanh/macbook-neo-mua-ngay-hay-cho-doi-de-co-lua-chon-hop-ly-hon.html
Apple,"macbook neo
macbook
macbook air","https://www.thegioididong.com/laptop-apple-macbook-macbook-neo
https://www.thegioididong.com/laptop-apple-macbook
https://www.thegioididong.com/laptop-apple-macbook-air",https://emdep.vn/song-xanh/nguoi-dung-macbook-pro-danh-gia-macbook-neo-nhe-nhom-hon-nhung-khong-phai-de-thay-the-pro-20260716074954874.htm
Apple,"apple macbook neo
laptop apple","https://www.thegioididong.com/laptop-apple-macbook-macbook-neo
https://www.thegioididong.com/laptop-apple-macbook",https://baocamau.vn/nen-mua-macbook-nao-vao-nam-2026-neo-air-hay-pro-phu-hop-voi-ban-a130389.html
Apple,"apple macbook neo
laptop apple","https://www.thegioididong.com/laptop-apple-macbook-macbook-neo
https://www.thegioididong.com/laptop-apple-macbook",https://giadinhmoi.vn/nen-mua-macbook-nao-neo-air-hay-pro-phu-hop-voi-ban-d99427.html
Apple,"macbook neo
macbook
macbook air","https://www.thegioididong.com/laptop-apple-macbook-macbook-neo
https://www.thegioididong.com/laptop-apple-macbook
https://www.thegioididong.com/laptop-apple-macbook-air",https://www.phunuvagiadinh.vn/doi-song-165/macbook-neo-co-tot-e-chinh-sua-anh-va-video-764116
Apple,"macbook neo
macbook
macbook air","https://www.thegioididong.com/laptop-apple-macbook-macbook-neo
https://www.thegioididong.com/laptop-apple-macbook
https://www.thegioididong.com/laptop-apple-macbook-air",https://2game.vn/vi-sao-apple-tang-gia-macbook-neo-sau-khi-ra-mat-post466043.html
Apple,"ipad gen 11
máy tính bảng ipad
ipad pro","https://www.thegioididong.com/may-tinh-bang/ipad-11-wifi-128gb
https://www.thegioididong.com/may-tinh-bang-apple-ipad
https://www.thegioididong.com/may-tinh-bang-apple-ipad-pro",https://emdep.vn/song-xanh/mua-tablet-cho-con-nghi-he-ipad-11-a16-128gb-nen-di-kem-quy-tac-su-dung-20260709092815514.htm
Apple,"ipad a16
máy tính bảng ipad
ipad pro","https://www.thegioididong.com/may-tinh-bang/ipad-11-wifi-128gb
https://www.thegioididong.com/may-tinh-bang-apple-ipad
https://www.thegioididong.com/may-tinh-bang-apple-ipad-pro",https://yeah1.com/cong-nghe/ban-hang-online-bang-ipad-11-inch-ban-a16-128gb-co-du-gon-de-bat-dau-ldos6a
Apple,"ipad a16
ipad pro","https://www.thegioididong.com/may-tinh-bang/ipad-11-wifi-128gb
https://www.thegioididong.com/may-tinh-bang-apple-ipad-pro",https://baocamau.vn/muon-bot-in-an-giay-to-ipad-11-a16-128gb-co-du-cho-thoi-quen-lam-viec-gon-nhe-a130520.html
Apple,"ipad a16
ipad pro","https://www.thegioididong.com/may-tinh-bang/ipad-11-wifi-128gb
https://www.thegioididong.com/may-tinh-bang-apple-ipad-pro",https://giadinhmoi.vn/ipad-11-a16-wifi-128gb-ban-du-dung-cho-hoc-tap-lam-viec-nhe-va-giai-tri-gia-dinh-d99391.html
Apple,"ipad gen 11
máy tính bảng ipad
ipad pro","https://www.thegioididong.com/may-tinh-bang/ipad-11-wifi-128gb
https://www.thegioididong.com/may-tinh-bang-apple-ipad
https://www.thegioididong.com/may-tinh-bang-apple-ipad-pro",https://www.phunuvagiadinh.vn/xa-hoi-168/khi-nao-nen-chon-ipad-a16-128gb-thay-vi-tablet-android-cung-tam-763814
Apple,"ipad a16
máy tính bảng ipad
ipad pro","https://www.thegioididong.com/may-tinh-bang/ipad-11-wifi-128gb
https://www.thegioididong.com/may-tinh-bang-apple-ipad
https://www.thegioididong.com/may-tinh-bang-apple-ipad-pro",https://tudonghoangaynay.vn/chon-ipad-11-a16-wifi-128gb-khi-nao-ban-wifi-la-hop-ly-hon-22491.html
Apple,"ipad a16
ipad pro","https://www.thegioididong.com/may-tinh-bang/ipad-11-wifi-128gb
https://www.thegioididong.com/may-tinh-bang-apple-ipad-pro",https://congngheviet.com/mua-ipad-128gb-cho-nam-hoc-moi-3-sai-lam-de-khien-ban-chon-chua-dung/
Apple,"ipad gen 11
máy tính bảng ipad
ipad pro","https://www.thegioididong.com/may-tinh-bang/ipad-11-wifi-128gb
https://www.thegioididong.com/may-tinh-bang-apple-ipad
https://www.thegioididong.com/may-tinh-bang-apple-ipad-pro",https://2game.vn/ipad-11-a16-wifi-128gd-man-hinh-phu-gom-cho-nguoi-choi-game-di-dong-va-giai-tri-hang-ngay-post466067.html
Apple,"ipad gen 11
máy tính bảng ipad
ipad pro","https://www.thegioididong.com/may-tinh-bang/ipad-11-wifi-128gb
https://www.thegioididong.com/may-tinh-bang-apple-ipad
https://www.thegioididong.com/may-tinh-bang-apple-ipad-pro",https://lag.vn/tin/cong-nghe/da-dung-iphone-mua-them-ipad-11-a16-wifi-128gb-duoc-loi-gi-.html
Apple,"ipad gen 11
máy tính bảng ipad
ipad pro","https://www.thegioididong.com/may-tinh-bang/ipad-11-wifi-128gb
https://www.thegioididong.com/may-tinh-bang-apple-ipad
https://www.thegioididong.com/may-tinh-bang-apple-ipad-pro",https://songdep.com.vn/tu-dien-thoai-man-hinh-lon-den-ipad-11-inch-khi-nao-nen-sam-them-mot-man-hinh-rieng-d27516.html
Apple,"ipad a16
ipad pro","https://www.thegioididong.com/may-tinh-bang/ipad-11-wifi-128gb
https://www.thegioididong.com/may-tinh-bang-apple-ipad-pro",https://2dep.vn/mua-ipad-de-ghi-chu-hoc-online-co-can-sam-but-va-ban-phim-ngay-tu-dau-016358089.html
Apple,"ipad gen 11
ipad giá rẻ
tai nghe apple
ipad air","https://www.thegioididong.com/may-tinh-bang/ipad-11-wifi-128gb
https://www.thegioididong.com/may-tinh-bang-apple-ipad
https://www.thegioididong.com/tai-nghe-apple
https://www.thegioididong.com/may-tinh-bang-apple-ipad-air",https://trangcongnghe.com.vn/thiet-bi-so/mobile/5276-mua-ipad-de-dung-vai-nam-ipad-11-a16-128gb-co-dang-can-nhac.html
Apple,"ipad gen 11
máy tính bảng ipad
ipad pro","https://www.thegioididong.com/may-tinh-bang/ipad-11-wifi-128gb
https://www.thegioididong.com/may-tinh-bang-apple-ipad
https://www.thegioididong.com/may-tinh-bang-apple-ipad-pro",redirect.zalo.me/v3/verifyv2/pc?token=OcJonjrnL0XZ2lF3s1jIPsSFzwtGJWTcPrxqhDb0L3PZLFkita9VRJ45hlI65G8uRWlq-pW&continue=https%3A%2F%2Fdoanhnghiepcuocsong.vn%2Fipad-11-a16-khi-nao-du-thay-laptop-cho-nhung-phien-lam-viec-ngan-a268884.html
Apple,"ipad
ipad pro
ipad a16","https://www.thegioididong.com/may-tinh-bang-apple-ipad
https://www.thegioididong.com/may-tinh-bang-apple-ipad-pro
https://www.thegioididong.com/may-tinh-bang/ipad-11-wifi-128gb",https://www.24h.com.vn/the-gioi-cong-nghe/may-tinh-bang-apple-dat-hon-chon-ban-tieu-chuan-hay-dau-tu-dong-cao-cap-c674a1776590.html
Apple,"ipad
ipad pro
ipad a16","https://www.thegioididong.com/may-tinh-bang-apple-ipad
https://www.thegioididong.com/may-tinh-bang-apple-ipad-pro
https://www.thegioididong.com/may-tinh-bang/ipad-11-wifi-128gb",https://cafef.vn/gia-tablet-bien-dong-mua-may-tinh-bang-apple-the-nao-de-khong-lang-phi-188260708184323616.chn
Apple,"ipad apple
ipad pro
ipad a16","https://www.thegioididong.com/may-tinh-bang-apple-ipad
https://www.thegioididong.com/may-tinh-bang-apple-ipad-pro
https://www.thegioididong.com/may-tinh-bang/ipad-11-wifi-128gb",https://suckhoedoisong.vn/khong-chi-de-xem-phim-ipad-dang-thanh-so-tay-so-cho-hoc-tap-va-lam-viec-linh-hoat-16926070912164288.htm
Apple,"ipad apple
ipad pro
ipad a16","https://www.thegioididong.com/may-tinh-bang-apple-ipad
https://www.thegioididong.com/may-tinh-bang-apple-ipad-pro
https://www.thegioididong.com/may-tinh-bang/ipad-11-wifi-128gb",https://giadinh.suckhoedoisong.vn/mot-chiec-ipad-dung-chung-trong-gia-dinh-chon-sao-de-khong-doi-ngan-sach-sau-dot-tang-gia-172260714103918172.htm
Apple,"ipad
ipad pro
ipad a16","https://www.thegioididong.com/may-tinh-bang-apple-ipad
https://www.thegioididong.com/may-tinh-bang-apple-ipad-pro
https://www.thegioididong.com/may-tinh-bang/ipad-11-wifi-128gb",https://kenh14.vn/lan-dau-mua-ipad-dung-nhin-chip-truoc-hay-tra-loi-3-cau-hoi-nay-215260710203347279.chn
Apple,"ipad
ipad pro
ipad a16","https://www.thegioididong.com/may-tinh-bang-apple-ipad
https://www.thegioididong.com/may-tinh-bang-apple-ipad-pro
https://www.thegioididong.com/may-tinh-bang/ipad-11-wifi-128gb",https://soha.vn/may-tinh-bang-apple-thanh-thiet-bi-thu-hai-chon-sao-de-dung-lau-trong-he-sinh-thai-198260711134055709.htm
Apple,"ipad apple
ipad gen 11
ipad air m3","https://www.thegioididong.com/may-tinh-bang-apple-ipad
https://www.thegioididong.com/may-tinh-bang/ipad-11-wifi-128gb
https://www.thegioididong.com/may-tinh-bang-apple-ipad-air-m3",https://afamily.vn/mua-ipad-de-mang-di-hoc-di-lam-gon-nhe-chua-chac-la-lua-chon-tiet-kiem-nhat-23626071314285004.chn
Apple,"ipad
ipad gen 11
ipad air m3","https://www.thegioididong.com/may-tinh-bang-apple-ipad
https://www.thegioididong.com/may-tinh-bang/ipad-11-wifi-128gb
https://www.thegioididong.com/may-tinh-bang-apple-ipad-air-m3",https://cafebiz.vn/ipad-co-the-thay-the-laptop-duoc-khong-cau-tra-loi-nam-o-cach-ban-lam-viec-1762607131912067.chn
Apple,"ipad giá rẻ
ipad mini
ipad air","https://www.thegioididong.com/may-tinh-bang-apple-ipad
https://www.thegioididong.com/may-tinh-bang-apple-ipad-mini
https://www.thegioididong.com/may-tinh-bang-apple-ipad-air",https://vietnammoi.vn/tu-van-mua-ipad-2026-nen-mua-san-pham-nao-de-dung-lau-it-lang-phi-202671417812155.htm
Apple,"ipad giá rẻ
ipad mini
ipad air","https://www.thegioididong.com/may-tinh-bang-apple-ipad
https://www.thegioididong.com/may-tinh-bang-apple-ipad-mini
https://www.thegioididong.com/may-tinh-bang-apple-ipad-air",https://gamek.vn/huong-dan-chon-ipad-phu-hop-voi-tung-nhu-cau-tranh-lang-phi-178260716204157878.chn
Apple,"ipad
ipad a16
ipad air
ipad pro
ipad air m3","https://www.thegioididong.com/may-tinh-bang-apple-ipad
https://www.thegioididong.com/may-tinh-bang/ipad-11-wifi-128gb
https://www.thegioididong.com/may-tinh-bang-apple-ipad-air
https://www.thegioididong.com/may-tinh-bang-apple-ipad-pro
https://www.thegioididong.com/may-tinh-bang-apple-ipad-air-m3",https://vnreview.vn/threads/uu-nhuoc-diem-cua-ipad-va-nhung-luu-y-de-dung-ben-dung-nhu-cau.87835/
Apple,"ipad giá rẻ
ipad mini
ipad air","https://www.thegioididong.com/may-tinh-bang-apple-ipad
https://www.thegioididong.com/may-tinh-bang-apple-ipad-mini
https://www.thegioididong.com/may-tinh-bang-apple-ipad-air",https://tiin.vn/chuyen-muc/sanh/3-diem-ipad-lam-tot-hon-laptop-macbook-trong-nhu-cau-hang-ngay.html#gsc.tab=0
Apple,"ipad giá rẻ
ipad mini
ipad air","https://www.thegioididong.com/may-tinh-bang-apple-ipad
https://www.thegioididong.com/may-tinh-bang-apple-ipad-mini
https://www.thegioididong.com/may-tinh-bang-apple-ipad-air",https://emdep.vn/song-xanh/5-diem-dang-can-nhac-khi-mua-ipad-de-dung-lau-it-lang-phi-20260710134650393.htm
Apple,"ipad giá rẻ
ipad mini
ipad air","https://www.thegioididong.com/may-tinh-bang-apple-ipad
https://www.thegioididong.com/may-tinh-bang-apple-ipad-mini
https://www.thegioididong.com/may-tinh-bang-apple-ipad-air",https://yeah1.com/cong-nghe/mua-ipad-bao-nhieu-dung-luong-la-du-chon-128gb-256gb-hay-cao-hon-de-khong-lang-phi-hokjvf
Apple,"apple watch se 3
apple watch series 11","https://www.thegioididong.com/dong-ho-thong-minh-apple-apple-watch-se-3
https://www.thegioididong.com/dong-ho-thong-minh-apple-watch-series-11",https://baoangiang.com.vn/vi-sao-apple-watch-se-3-phu-hop-voi-nguoi-lan-dau-mua-dong-ho-apple-a491020.html
Apple,"apple watch se 3
apple watch series 11","https://www.thegioididong.com/dong-ho-thong-minh-apple-apple-watch-se-3
https://www.thegioididong.com/dong-ho-thong-minh-apple-watch-series-11",https://baothanhhoa.vn/apple-watch-se-3-hay-series-11-khi-nao-nen-chon-ban-tiet-kiem-khi-nao-dang-nang-cap-293235.htm
Apple,"apple watch se 3
apple watch series 11","https://www.thegioididong.com/dong-ho-thong-minh-apple-apple-watch-se-3
https://www.thegioididong.com/dong-ho-thong-minh-apple-watch-series-11",https://baotuyenquang.com.vn/thong-tin-quang-cao/202607/apple-watch-se-3-tu-dau-an-product-of-vietnam-den-lua-chon-dong-ho-apple-thuc-dung-cho-nguoi-dung-iphone-da47c99/
Apple,"apple watch se 3
apple watch series 11
apple watch
apple watch ultra 3
apple watch series 11 42mm viền nhôm dây thể thao","https://www.thegioididong.com/dong-ho-thong-minh-apple-apple-watch-se-3
https://www.thegioididong.com/dong-ho-thong-minh-apple-watch-series-11
https://www.thegioididong.com/dong-ho-thong-minh-apple
https://www.thegioididong.com/dong-ho-thong-minh-apple-watch-ultra-3
https://www.thegioididong.com/dong-ho-thong-minh/apple-watch-series-11-42mm-vien-nhom-day-the-thao",https://vnreview.vn/threads/apple-watch-se-3-ban-gps-hay-gps-cellular-dung-chon-theo-gia-hay-chon-theo-cach-ban-roi-khoi-iphone.87030/
Apple,"apple watch se 3
đồng hồ apple watch series 11
laptop macbook","https://www.thegioididong.com/dong-ho-thong-minh-apple-apple-watch-se-3
https://www.thegioididong.com/dong-ho-thong-minh-apple-watch-series-11
https://www.thegioididong.com/laptop-apple-macbook",https://tiin.vn/chuyen-muc/sanh/apple-watch-se-3-dang-chu-y-hon-khi-apple-watch-buoc-vao-ky-nguyen-ai.html
Apple,"apple watch se 3
đồng hồ apple watch series 11
laptop macbook","https://www.thegioididong.com/dong-ho-thong-minh-apple-apple-watch-se-3
https://www.thegioididong.com/dong-ho-thong-minh-apple-watch-series-11
https://www.thegioididong.com/laptop-apple-macbook",https://emdep.vn/song-xanh/apple-watch-se-3-va-cau-chuyen-ai-tieng-viet-khi-dong-ho-apple-khong-chi-de-xem-gio-do-van-dong-202607101322266.htm
Apple,"apple watch se 3
đồng hồ apple watch series 11
laptop macbook","https://www.thegioididong.com/dong-ho-thong-minh-apple-apple-watch-se-3
https://www.thegioididong.com/dong-ho-thong-minh-apple-watch-series-11
https://www.thegioididong.com/laptop-apple-macbook",https://yeah1.com/cong-nghe/apple-watch-se-3-co-du-cho-dan-van-phong-ban-hop-nhieu-thong-bao-41sh2l
Apple,"apple watch se 3
apple watch series 11","https://www.thegioididong.com/dong-ho-thong-minh-apple-apple-watch-se-3
https://www.thegioididong.com/dong-ho-thong-minh-apple-watch-series-11",https://baocamau.vn/chon-dong-ho-apple-nam-2026-vi-sao-vong-doi-phan-mem-dang-quan-trong-hon-gia-ban-dau-a130390.html
Apple,"apple watch se 3
apple watch series 11","https://www.thegioididong.com/dong-ho-thong-minh-apple-apple-watch-se-3
https://www.thegioididong.com/dong-ho-thong-minh-apple-watch-series-11",https://giadinhmoi.vn/apple-watch-se-3-va-bai-toan-chon-dong-ho-moi-thay-vi-mua-apple-watch-cu-doi-thap-d99321.html
Apple,"apple watch se 3
apple watch series 11","https://www.thegioididong.com/dong-ho-thong-minh-apple-apple-watch-se-3
https://www.thegioididong.com/dong-ho-thong-minh-apple-watch-series-11",https://congngheviet.com/so-sanh-apple-watch-se-3-vs-watch-se-2-co-dang-nang-cap/
Apple,"apple watch se 3
đồng hồ apple watch series 11
laptop macbook","https://www.thegioididong.com/dong-ho-thong-minh-apple-apple-watch-se-3
https://www.thegioididong.com/dong-ho-thong-minh-apple-watch-series-11
https://www.thegioididong.com/laptop-apple-macbook",https://2game.vn/danh-gia-apple-watch-se-3-co-gi-moi-va-co-dang-nang-cap-post465376.html
Apple,"apple watch se 3
đồng hồ apple watch series 11
laptop macbook","https://www.thegioididong.com/dong-ho-thong-minh-apple-apple-watch-se-3
https://www.thegioididong.com/dong-ho-thong-minh-apple-watch-series-11
https://www.thegioididong.com/laptop-apple-macbook",https://lag.vn/tin/cong-nghe/apple-watch-se-3-danh-cho-nhung-ai.html
Apple,"apple watch se 3
đồng hồ apple watch series 11
laptop macbook","https://www.thegioididong.com/dong-ho-thong-minh-apple-apple-watch-se-3
https://www.thegioididong.com/dong-ho-thong-minh-apple-watch-series-11
https://www.thegioididong.com/laptop-apple-macbook",https://songdep.com.vn/vi-sao-apple-watch-se-3-dang-mua-hon-watch-series-11-voi-nhieu-nguoi-dung-iphone-d27511.html
Apple,"apple watch se 3
apple watch series 11","https://www.thegioididong.com/dong-ho-thong-minh-apple-apple-watch-se-3
https://www.thegioididong.com/dong-ho-thong-minh-apple-watch-series-11",https://2dep.vn/apple-watch-se-3-gia-de-tiep-can-ai-nen-mua-de-dung-lau-dai-cung-iphone-013440780.html
Apple,"apple watch se 3
đồng hồ apple watch series 11
laptop macbook","https://www.thegioididong.com/dong-ho-thong-minh-apple-apple-watch-se-3
https://www.thegioididong.com/dong-ho-thong-minh-apple-watch-series-11
https://www.thegioididong.com/laptop-apple-macbook",https://doanhnghiepcuocsong.vn/5-nang-cap-dang-gia-tren-apple-watch-se-3-nho-gon-hon-nhung-thuc-dung-hon-cho-nguoi-dung-iphone-a267240.html?gidzl=dZLf5XBNZq2VAciK6SgBHvGfRXq4pOnDWtnk6bcOtalGUprD3CdH6OieDXzHdzDArtjWIcQ-qzLZ4jICGm
Apple,"apple watch series 11
apple watch se 3","https://www.thegioididong.com/dong-ho-thong-minh-apple-watch-series-11
https://www.thegioididong.com/dong-ho-thong-minh-apple-apple-watch-se-3",https://vnexpress.net/apple-watch-series-11-ho-tro-theo-doi-suc-khoe-moi-ngay-5092251.html
Apple,"apple watch series 11
apple watch se 3","https://www.thegioididong.com/dong-ho-thong-minh-apple-watch-series-11
https://www.thegioididong.com/dong-ho-thong-minh-apple-apple-watch-se-3",https://vietnamnet.vn/apple-watch-series-11-khi-dong-ho-thong-minh-tro-thanh-tro-ly-suc-khoe-2531777.html
Apple,apple watch series 11,https://www.thegioididong.com/dong-ho-thong-minh-apple-watch-series-11,https://thanhnien.vn/mua-apple-watch-series-11-nen-chon-gps-cellular-hay-kich-thuoc-nao-cho-hop-185260704170958578.htm
Apple,"apple watch series 11
apple watch ultra 3
apple watch","https://www.thegioididong.com/dong-ho-thong-minh-apple-watch-series-11
https://www.thegioididong.com/dong-ho-thong-minh-apple-watch-ultra-3
https://www.thegioididong.com/dong-ho-thong-minh-apple",https://www.24h.com.vn/the-gioi-cong-nghe/apple-watch-series-11-co-lap-sim-duoc-khong-dieu-nguoi-dung-iphone-can-biet-truoc-khi-mua-c674a1775285.html
Apple,"apple watch series 11
apple watch ultra 3
apple watch","https://www.thegioididong.com/dong-ho-thong-minh-apple-watch-series-11
https://www.thegioididong.com/dong-ho-thong-minh-apple-watch-ultra-3
https://www.thegioididong.com/dong-ho-thong-minh-apple",https://cafef.vn/apple-watch-ultra-3-va-series-11-cham-day-gia-mo-co-hoi-len-doi-188260708181142642.chn
Apple,"apple watch series 11
apple watch ultra 3
apple watch","https://www.thegioididong.com/dong-ho-thong-minh-apple-watch-series-11
https://www.thegioididong.com/dong-ho-thong-minh-apple-watch-ultra-3
https://www.thegioididong.com/dong-ho-thong-minh-apple",https://suckhoedoisong.vn/so-sanh-apple-watch-series-11-va-apple-watch-se-3-nen-chon-phien-ban-nao-cho-dung-nhu-cau-169260709170130111.htm
Apple,"apple watch series 11
apple watch ultra 3
apple watch","https://www.thegioididong.com/dong-ho-thong-minh-apple-watch-series-11
https://www.thegioididong.com/dong-ho-thong-minh-apple-watch-ultra-3
https://www.thegioididong.com/dong-ho-thong-minh-apple",https://tienphong.vn/danh-sach-apple-watch-duoc-len-doi-watchos-27-can-biet-truoc-khi-mua-post1859206.tpo
Apple,"apple watch series 11
apple watch ultra 3
apple watch","https://www.thegioididong.com/dong-ho-thong-minh-apple-watch-series-11
https://www.thegioididong.com/dong-ho-thong-minh-apple-watch-ultra-3
https://www.thegioididong.com/dong-ho-thong-minh-apple",https://giadinh.suckhoedoisong.vn/danh-gia-apple-watch-series-11-pin-tot-hon-va-con-gi-dang-chu-y-172260713153603763.htm
Apple,apple watch series 11,https://www.thegioididong.com/dong-ho-thong-minh-apple-watch-series-11,https://baomoi.com/apple-watch-series-11-co-dang-de-nguoi-dung-nang-cap-c55565254.epi
Apple,"apple watch series 11
apple watch se 3","https://www.thegioididong.com/dong-ho-thong-minh-apple-watch-series-11
https://www.thegioididong.com/dong-ho-thong-minh-apple-apple-watch-se-3",https://congngheviet.com/apple-watch-series-12-2026-tat-ca-nhung-gi-chung-ta-biet-cho-den-nay/
Apple,"apple watch series 11
apple watch ultra 3
apple watch","https://www.thegioididong.com/dong-ho-thong-minh-apple-watch-series-11
https://www.thegioididong.com/dong-ho-thong-minh-apple-watch-ultra-3
https://www.thegioididong.com/dong-ho-thong-minh-apple",https://kenh14.vn/huong-dan-chon-apple-watch-phu-hop-dung-mua-theo-mau-moi-nhat-hay-chon-theo-cach-ban-dung-moi-ngay-215260711122550019.chn
Laptop,pc,https://www.thegioididong.com/may-tinh-de-ban,https://thanhnien.vn/gia-linh-kien-kho-giam-chon-may-tinh-de-ban-the-nao-de-dung-lau-185260708165051351.htm
Laptop,"pc
pc gaming
màn hình máy tính","https://www.thegioididong.com/may-tinh-de-ban
https://www.thegioididong.com/may-tinh-de-ban-pc-gaming
https://www.thegioididong.com/man-hinh-may-tinh",https://dantri.com.vn/cong-nghe/mua-may-tinh-de-ban-nam-2026-nen-nhin-vao-cau-hinh-nao-20260709081556818.htm
Laptop,"pc
pc gaming
màn hình máy tính","https://www.thegioididong.com/may-tinh-de-ban
https://www.thegioididong.com/may-tinh-de-ban-pc-gaming
https://www.thegioididong.com/man-hinh-may-tinh",https://www.24h.com.vn/kham-pha-cong-nghe/dung-mua-may-tinh-de-ban-chi-vi-cau-hinh-manh-cach-chon-dung-theo-nhu-cau-that-c675a1778195.html
Laptop,"pc
pc gaming
màn hình máy tính","https://www.thegioididong.com/may-tinh-de-ban
https://www.thegioididong.com/may-tinh-de-ban-pc-gaming
https://www.thegioididong.com/man-hinh-may-tinh",https://cafef.vn/may-tinh-de-ban-cho-gia-dinh-mot-may-dung-chung-co-thuc-te-hon-moi-nguoi-mot-laptop-188260718160018799.chn
Laptop,"pc
pc gaming
màn hình máy tính","https://www.thegioididong.com/may-tinh-de-ban
https://www.thegioididong.com/may-tinh-de-ban-pc-gaming
https://www.thegioididong.com/man-hinh-may-tinh",https://suckhoedoisong.vn/pc-van-phong-duoi-15-trieu-can-bang-gia-do-ben-va-hieu-nang-the-nao-169260716103815067.htm
Laptop,"pc
pc gaming
màn hình máy tính","https://www.thegioididong.com/may-tinh-de-ban
https://www.thegioididong.com/may-tinh-de-ban-pc-gaming
https://www.thegioididong.com/man-hinh-may-tinh",https://tienphong.vn/mot-bo-pc-gon-gang-co-the-thay-doi-hieu-suat-lam-viec-tai-nha-den-muc-nao-post1858466.tpo
Laptop,"pc
pc gaming
màn hình máy tính","https://www.thegioididong.com/may-tinh-de-ban
https://www.thegioididong.com/may-tinh-de-ban-pc-gaming
https://www.thegioididong.com/man-hinh-may-tinh",https://giadinh.suckhoedoisong.vn/mua-pc-tra-gop-0-cach-nang-cap-goc-lam-viec-ma-khong-qua-ap-luc-chi-phi-172260710114726969.htm
Laptop,pc,https://www.thegioididong.com/may-tinh-de-ban,https://baomoi.com/may-tinh-de-ban-chinh-hang-khac-gi-so-voi-pc-tu-rap-ngoai-tiem-c55655761.epi
Laptop,"máy tính để bàn
pc gaming","https://www.thegioididong.com/may-tinh-de-ban
https://www.thegioididong.com/may-tinh-de-ban-pc-gaming",https://congngheviet.com/laptop-dang-chung-lai-may-tinh-de-ban-co-phai-lua-chon-dang-tien-hon-cho-dan-van-phong/
Laptop,"máy tính để bàn
pc gaming","https://www.thegioididong.com/may-tinh-de-ban
https://www.thegioididong.com/may-tinh-de-ban-pc-gaming",https://znews.vn/pc-duoi-10-trieu-dong-van-du-dung-neu-chon-dung-nhu-cau-post1668185.html
Laptop,"pc
pc gaming
màn hình máy tính","https://www.thegioididong.com/may-tinh-de-ban
https://www.thegioididong.com/may-tinh-de-ban-pc-gaming
https://www.thegioididong.com/man-hinh-may-tinh",https://kenh14.vn/may-tinh-de-ban-quay-lai-duong-dua-vi-sao-nhieu-nguoi-can-nhac-chon-may-co-dinh-thay-laptop-21526071112244596.chn
Laptop,"pc
pc gaming
màn hình máy tính","https://www.thegioididong.com/may-tinh-de-ban
https://www.thegioididong.com/may-tinh-de-ban-pc-gaming
https://www.thegioididong.com/man-hinh-may-tinh",https://soha.vn/pc-mini-pc-hay-all-in-one-chon-sai-goc-lam-viec-co-the-vua-chat-vua-ton-tien-198260711184547425.htm
Laptop,máy tính để bàn,https://www.thegioididong.com/may-tinh-de-ban,https://danviet.vn/mua-pc-nam-2026-cau-hinh-nao-du-dung-cau-hinh-nao-de-bi-ho-d1442292.html
Laptop,"pc
pc gaming
màn hình máy tính","https://www.thegioididong.com/may-tinh-de-ban
https://www.thegioididong.com/may-tinh-de-ban-pc-gaming
https://www.thegioididong.com/man-hinh-may-tinh",https://eva.vn/tieu-dung/all-in-one-co-that-su-tien-hon-pc-truyen-thong-hay-chi-dep-mat-nhung-kho-nang-cap-c2a676212.html
Laptop,"pc
pc gaming
màn hình máy tính","https://www.thegioididong.com/may-tinh-de-ban
https://www.thegioididong.com/may-tinh-de-ban-pc-gaming
https://www.thegioididong.com/man-hinh-may-tinh",https://afamily.vn/mini-pc-nho-gon-co-thay-duoc-may-tinh-de-ban-van-phong-cau-tra-loi-khong-don-gian-236260713191104948.chn
Laptop,"pc
pc gaming
màn hình máy tính","https://www.thegioididong.com/may-tinh-de-ban
https://www.thegioididong.com/may-tinh-de-ban-pc-gaming
https://www.thegioididong.com/man-hinh-may-tinh",https://cafebiz.vn/dan-van-phong-nen-mua-pc-cau-hinh-manh-hay-may-gon-ben-de-bao-hanh-176260713191157959.chn
Laptop,"máy tính để bàn
pc gaming","https://www.thegioididong.com/may-tinh-de-ban
https://www.thegioididong.com/may-tinh-de-ban-pc-gaming",https://vietstock.vn/2026/07/pc-gaming-gia-tot-co-dang-mua-hay-nen-tu-build-de-tranh-lang-phi-4511-1465852.htm
Laptop,"pc
pc gaming
màn hình máy tính","https://www.thegioididong.com/may-tinh-de-ban
https://www.thegioididong.com/may-tinh-de-ban-pc-gaming
https://www.thegioididong.com/man-hinh-may-tinh",https://vietnambiz.vn/ram-8gb-16gb-hay-24gb-mua-may-tinh-de-ban-bao-nhieu-la-vua-de-khong-som-loi-thoi-2026714155911629.htm
Laptop,máy tính để bàn,https://www.thegioididong.com/may-tinh-de-ban,https://giaoducthoidai.vn/ssd-256gb-512gb-hay-500gb-dung-luong-o-cung-quyet-dinh-trai-nghiem-dung-pc-ra-sao-post785255.html?gidzl=iALWDjM7xHwpl6Wotvtk7hYnQZ32nRj9ekbkCC_5w4YhvpzaovRjJFwtQMJBn-z6-RDgE69K5RGRrOBb7W
Laptop,"pc gaming
máy tính để bàn","https://www.thegioididong.com/may-tinh-de-ban-pc-gaming
https://www.thegioididong.com/may-tinh-de-ban",https://vietstock.vn/2026/06/mua-pc-gaming-nam-2026-dung-chi-nhin-card-do-hoa-hay-chon-theo-cach-ban-dung-moi-ngay-4511-1458449.htm
Laptop,"màn hình 27 inch
màn hình 24 inch","https://www.thegioididong.com/man-hinh-may-tinh-27-inch
https://www.thegioididong.com/man-hinh-may-tinh-24-inch",https://baodanang.vn/cach-chon-man-hinh-may-tinh-do-hoa-chuan-mau-phu-hop-tui-tien-3344394.html
Laptop,"pc gaming
máy tính để bàn
màn hình","https://www.thegioididong.com/may-tinh-de-ban-pc-gaming
https://www.thegioididong.com/may-tinh-de-ban
https://www.thegioididong.com/man-hinh-may-tinh",https://genk.vn/pc-gaming-thoi-ai-chon-cau-hinh-sao-de-choi-game-hoc-tap-va-sang-tao-noi-dung-165260713073537727.chn
Laptop,"pc gaming
máy tính để bàn","https://www.thegioididong.com/may-tinh-de-ban-pc-gaming
https://www.thegioididong.com/may-tinh-de-ban",https://baodongnai.com.vn/doanh-nhan-doanh-nghiep/dich-vu/202606/goc-hoc-tap-nho-van-co-the-dung-pc-gaming-chon-sao-cho-gon-du-manh-va-de-nang-cap-a501886/
Laptop,"pc gaming
máy tính để bàn","https://www.thegioididong.com/may-tinh-de-ban-pc-gaming
https://www.thegioididong.com/may-tinh-de-ban",https://baolamdong.vn/pc-gaming-co-con-cach-biet-so-voi-laptop-gaming-khi-laptop-ngay-cang-manh-450973.html
Laptop,"pc gaming
máy tính để bàn
màn hình","https://www.thegioididong.com/may-tinh-de-ban-pc-gaming
https://www.thegioididong.com/may-tinh-de-ban
https://www.thegioididong.com/man-hinh-may-tinh",https://phunusuckhoe.giadinhonline.vn/pc-o-hoa-co-choi-game-tot-nhu-pc-gaming-c10a516127.html
Laptop,"pc gaming
máy tính để bàn
màn hình","https://www.thegioididong.com/may-tinh-de-ban-pc-gaming
https://www.thegioididong.com/may-tinh-de-ban
https://www.thegioididong.com/man-hinh-may-tinh",https://www.techz.vn/143-726-6-pc-gaming-duoi-10-trieu-co-nen-mua-hop-game-esports-nhung-can-hieu-ro-gioi-han-ylt698966.html
Laptop,"pc gaming
máy tính để bàn","https://www.thegioididong.com/may-tinh-de-ban-pc-gaming
https://www.thegioididong.com/may-tinh-de-ban",https://baothanhhoa.vn/chon-pc-choi-game-nen-bat-dau-tu-man-hinh-cach-tranh-thua-cau-hinh-thieu-trai-nghiem-293257.htm
Laptop,"pc gaming
máy tính để bàn","https://www.thegioididong.com/may-tinh-de-ban-pc-gaming
https://www.thegioididong.com/may-tinh-de-ban",https://sohuutritue.net.vn/mua-pc-choi-game-cho-ca-nha-dung-chi-nghi-den-game-hay-tinh-ca-hoc-tap-va-lam-viec-d399377.html
Laptop,"pc gaming
pc
pc all in one
pc văn phòng
pc mini","https://www.thegioididong.com/may-tinh-de-ban-pc-gaming
https://www.thegioididong.com/may-tinh-de-ban
https://www.thegioididong.com/may-tinh-de-ban-aio
https://www.thegioididong.com/may-tinh-de-ban-hoc-tap-van-phong
https://www.thegioididong.com/may-tinh-de-ban-mini-pc",https://vnreview.vn/threads/sinh-vien-kien-truc-nen-chon-pc-gaming-hay-workstation.88876/
Laptop,"pc gaming
máy tính để bàn","https://www.thegioididong.com/may-tinh-de-ban-pc-gaming
https://www.thegioididong.com/may-tinh-de-ban",https://baocamau.vn/chon-pc-choi-game-cho-phong-nho-dung-bo-qua-tan-nhiet-tieng-on-va-duong-nang-cap-a130385.html
Laptop,"pc gaming
máy tính để bàn
màn hình","https://www.thegioididong.com/may-tinh-de-ban-pc-gaming
https://www.thegioididong.com/may-tinh-de-ban
https://www.thegioididong.com/man-hinh-may-tinh",https://songdep.com.vn/muon-vua-choi-game-vua-livestream-nguoi-moi-nen-chon-pc-ra-sao-de-khong-mua-lech-cau-hinh-d27506.html
Laptop,"pc gaming
máy tính để bàn","https://www.thegioididong.com/may-tinh-de-ban-pc-gaming
https://www.thegioididong.com/may-tinh-de-ban",https://2dep.vn/mua-pc-choi-game-nam-2026-vi-sao-nen-tinh-duong-nang-cap-truoc-khi-chot-cau-hinh-017653260.html
Laptop,"màn hình di động
màn hình
màn hình máy tính samsung","https://www.thegioididong.com/man-hinh-may-tinh-di-dong
https://www.thegioididong.com/man-hinh-may-tinh
https://www.thegioididong.com/man-hinh-may-tinh-samsung",https://afamily.vn/mua-man-phu-mang-theo-cho-laptop-4-tieu-chi-de-tien-loi-khong-thanh-rac-roi-236260709171916486.chn
Laptop,"màn hình di động
màn hình
màn hình máy tính samsung","https://www.thegioididong.com/man-hinh-may-tinh-di-dong
https://www.thegioididong.com/man-hinh-may-tinh
https://www.thegioididong.com/man-hinh-may-tinh-samsung",https://cafebiz.vn/chua-can-nang-cap-laptop-khi-nao-mot-man-phu-mang-theo-la-khoan-dau-tu-hop-ly-176260711113756865.chn
Laptop,"màn hình di động
màn hình máy tính","https://www.thegioididong.com/man-hinh-may-tinh-di-dong
https://www.thegioididong.com/man-hinh-may-tinh",https://vtcnews.vn/mua-man-phu-cho-laptop-dung-bo-qua-chuan-usb-c-mot-day-ar1028145.html
Laptop,"màn hình di động
màn hình máy tính","https://www.thegioididong.com/man-hinh-may-tinh-di-dong
https://www.thegioididong.com/man-hinh-may-tinh",https://vietstock.vn/2026/07/mua-man-phu-cho-laptop-dung-chi-nhin-inch-hay-kiem-tra-cong-ket-noi-truoc-4511-1464249.htm
Laptop,"màn hình di động
màn hình
màn hình máy tính samsung","https://www.thegioididong.com/man-hinh-may-tinh-di-dong
https://www.thegioididong.com/man-hinh-may-tinh
https://www.thegioididong.com/man-hinh-may-tinh-samsung",https://vietnambiz.vn/nha-nho-ban-lam-viec-nho-vi-sao-man-phu-mang-theo-hop-voi-nguoi-dung-laptop-202671015122440.htm
Laptop,"màn hình di động
màn hình
màn hình máy tính samsung","https://www.thegioididong.com/man-hinh-may-tinh-di-dong
https://www.thegioididong.com/man-hinh-may-tinh
https://www.thegioididong.com/man-hinh-may-tinh-samsung",https://thethao247.vn/485-gap-khach-thuyet-trinh-sua-file-tai-cho-ai-nen-mang-them-man-phu-cho-laptop-d427985.html
Laptop,"màn hình di động
màn hình máy tính","https://www.thegioididong.com/man-hinh-may-tinh-di-dong
https://www.thegioididong.com/man-hinh-may-tinh",https://thethaovanhoa.vn/man-hinh-di-dong-la-gi-vi-sao-nguoi-dung-laptop-ngay-cang-can-no-20260716100423481.htm
Laptop,"màn hình di động
màn hình
màn hình máy tính samsung","https://www.thegioididong.com/man-hinh-may-tinh-di-dong
https://www.thegioididong.com/man-hinh-may-tinh
https://www.thegioididong.com/man-hinh-may-tinh-samsung",https://genk.vn/vi-sao-dan-van-phong-bat-dau-can-them-man-phu-khi-lam-viec-165260717205109837.chn
Laptop,"màn hình di động
màn hình máy tính","https://www.thegioididong.com/man-hinh-may-tinh-di-dong
https://www.thegioididong.com/man-hinh-may-tinh",https://baohatinh.vn/laptop-ngay-cang-mong-nhe-vi-sao-nhieu-nguoi-van-mua-them-man-di-dong-mang-theo-post314166.html
Laptop,"màn hình di động
màn hình máy tính
màn hình samsung
màn hình 27 inch
màn hình 24 inch","https://www.thegioididong.com/man-hinh-may-tinh-di-dong
https://www.thegioididong.com/man-hinh-may-tinh
https://www.thegioididong.com/man-hinh-may-tinh-samsung
https://www.thegioididong.com/man-hinh-may-tinh-27-inch
https://www.thegioididong.com/man-hinh-may-tinh-24-inch",https://vietbao.vn/man-hinh-di-dong-day-la-mon-phu-kien-hay-nhu-cau-lam-viec-that-su-599509.html?gidzl=Mk9xV4qCvbnP-tDuHnRYNr7uTdXPHxHT7AOeBrv8k0GSgNWd3qEv1KYfV2SF4xi74FekSZKcsQGJJGdkN0
Laptop,"màn hình di động
màn hình máy tính","https://www.thegioididong.com/man-hinh-may-tinh-di-dong
https://www.thegioididong.com/man-hinh-may-tinh",https://baodongnai.com.vn/doanh-nhan-doanh-nghiep/dich-vu/202607/xu-huong-lam-viec-hybrid-man-di-dong-co-thanh-vu-khi-nang-suat-moi-e661910/
Laptop,"màn hình di động
màn hình máy tính","https://www.thegioididong.com/man-hinh-may-tinh-di-dong
https://www.thegioididong.com/man-hinh-may-tinh",https://congly.vn/laptop-co-con-du-cho-dan-van-phong-531523.html
Laptop,"màn hình di động
màn hình máy tính","https://www.thegioididong.com/man-hinh-may-tinh-di-dong
https://www.thegioididong.com/man-hinh-may-tinh",https://baolamdong.vn/ban-co-dang-lam-viec-cham-hon-chi-vi-laptop-thieu-khong-gian-hien-thi-455193.html
Laptop,"màn hình di động
màn hình máy tính","https://www.thegioididong.com/man-hinh-may-tinh-di-dong
https://www.thegioididong.com/man-hinh-may-tinh",https://ngoisao.vnexpress.net/man-hinh-phu-giup-mo-rong-khong-gian-lam-viec-tren-laptop-5101313.html
Laptop,"màn hình di động
màn hình
màn hình máy tính samsung","https://www.thegioididong.com/man-hinh-may-tinh-di-dong
https://www.thegioididong.com/man-hinh-may-tinh
https://www.thegioididong.com/man-hinh-may-tinh-samsung",https://phunusuckhoe.giadinhonline.vn/man-hinh-di-ong-co-phai-cach-re-hon-e-nang-hieu-suat-thay-vi-oi-laptop-c10a516125.html
Laptop,"màn hình samsung
màn hình máy tính
màn hình di động
màn hình 27 inch
màn hình 24 inch","https://www.thegioididong.com/man-hinh-may-tinh-samsung
https://www.thegioididong.com/man-hinh-may-tinh
https://www.thegioididong.com/man-hinh-may-tinh-di-dong
https://www.thegioididong.com/man-hinh-may-tinh-27-inch
https://www.thegioididong.com/man-hinh-may-tinh-24-inch",https://vnreview.vn/threads/lam-viec-voi-laptop-chua-du-rong-vi-sao-nhieu-nguoi-bat-dau-tim-man-hinh.88877/
Laptop,"màn hình samsung
màn hình pc","https://www.thegioididong.com/man-hinh-may-tinh-samsung
https://www.thegioididong.com/man-hinh-may-tinh",https://voz.vn/t/tu-100hz-tro-len-vi-sao-man-hinh-tan-so-quet-cao-khong-con-chi-danh-cho-game-thu.1259457/
Laptop,"màn hình samsung
màn hình pc","https://www.thegioididong.com/man-hinh-may-tinh-samsung
https://www.thegioididong.com/man-hinh-may-tinh",https://baocamau.vn/man-hinh-cong-sieu-rong-lua-chon-dang-can-nhac-cho-nguoi-lam-viec-da-nhiem-va-giai-tri-tai-nha-a130477.html
Laptop,"màn hình samsung
màn hình pc","https://www.thegioididong.com/man-hinh-may-tinh-samsung
https://www.thegioididong.com/man-hinh-may-tinh",https://congngheviet.com/man-hinh-6k-cho-game-thu-xu-huong-moi-hay-chi-la-cuoc-dua-thong-so/
Laptop,"màn hình samsung
màn hình máy tính
màn hình di động","https://www.thegioididong.com/man-hinh-may-tinh-samsung
https://www.thegioididong.com/man-hinh-may-tinh
https://www.thegioididong.com/man-hinh-may-tinh-di-dong",https://2game.vn/vi-sao-man-hinh-oled-ngay-cang-duoc-game-thu-va-dan-sang-tao-noi-dung-quan-tam-post465762.html
Laptop,"màn hình samsung
màn hình máy tính
màn hình di động","https://www.thegioididong.com/man-hinh-may-tinh-samsung
https://www.thegioididong.com/man-hinh-may-tinh
https://www.thegioididong.com/man-hinh-may-tinh-di-dong",https://fili.vn/2026/07/mua-man-hinh-may-tinh-nam-2026-nen-uu-tien-do-phan-giai-tan-so-quet-hay-kich-thuoc-4511-1474695.htm
Laptop,"màn hình samsung
màn hình máy tính
màn hình di động","https://www.thegioididong.com/man-hinh-may-tinh-samsung
https://www.thegioididong.com/man-hinh-may-tinh
https://www.thegioididong.com/man-hinh-may-tinh-di-dong",https://lag.vn/tin/cong-nghe/dan-thiet-ke-dung-phim-chinh-anh-nen-chon-man-hinh-the-nao-de-tranh-sai-mau-.html
Laptop,"màn hình 27 inch
màn hình 24 inch
màn hình di động","https://www.thegioididong.com/man-hinh-may-tinh-27-inch
https://www.thegioididong.com/man-hinh-may-tinh-24-inch
https://www.thegioididong.com/man-hinh-may-tinh-di-dong",https://vietnammoi.vn/mua-man-hinh-27-inch-full-hd-2k-hay-4k-moi-hop-nhu-cau-20267821549323.htm
Laptop,"màn hình 27 inch
màn hình 24 inch
màn hình di động","https://www.thegioididong.com/man-hinh-may-tinh-27-inch
https://www.thegioididong.com/man-hinh-may-tinh-24-inch
https://www.thegioididong.com/man-hinh-may-tinh-di-dong",https://emdep.vn/song-xanh/khong-gian-lam-viec-thoi-ai-vi-sao-co-27-inch-dang-hop-voi-dan-da-nhiem-20260709111250304.htm
Laptop,"màn hình 27 inch
màn hình 24 inch
màn hình di động","https://www.thegioididong.com/man-hinh-may-tinh-27-inch
https://www.thegioididong.com/man-hinh-may-tinh-24-inch
https://www.thegioididong.com/man-hinh-may-tinh-di-dong",https://yeah1.com/cong-nghe/goc-lam-viec-kiem-giai-tri-vi-sao-man-co-27-inch-dang-can-nhac-cho-phim-bong-da-va-game-jr4jf4
Laptop,"màn hình 27 inch
màn hình 24 inch","https://www.thegioididong.com/man-hinh-may-tinh-27-inch
https://www.thegioididong.com/man-hinh-may-tinh-24-inch",https://baocamau.vn/ban-lam-viec-gon-hon-voi-man-hinh-27-inch-chuan-moi-usb-c-a130518.html
Laptop,"màn hình 27 inch
màn hình 24 inch","https://www.thegioididong.com/man-hinh-may-tinh-27-inch
https://www.thegioididong.com/man-hinh-may-tinh-24-inch",https://giadinhmoi.vn/man-co-27-inch-cong-hay-phang-chon-the-nao-de-khong-mua-lech-nhu-cau-d99401.html
Laptop,"màn hình 27 inch
màn hình 24 inch
màn hình di động","https://www.thegioididong.com/man-hinh-may-tinh-27-inch
https://www.thegioididong.com/man-hinh-may-tinh-24-inch
https://www.thegioididong.com/man-hinh-may-tinh-di-dong",https://www.phunuvagiadinh.vn/khong-gian-song-222/ung-chi-nhin-so-inch-khi-mua-man-hinh-khoang-cach-ngoi-moi-la-iem-de-bi-bo-quen-763909
Laptop,"màn hình 27 inch
màn hình 24 inch
màn hình di động","https://www.thegioididong.com/man-hinh-may-tinh-27-inch
https://www.thegioididong.com/man-hinh-may-tinh-24-inch
https://www.thegioididong.com/man-hinh-may-tinh-di-dong",https://tudonghoangaynay.vn/cung-co-27-inch-nhung-gia-chenh-manh-nen-tra-them-tien-cho-tinh-nang-nao-22479.html
Laptop,"màn hình 27 inch
màn hình 24 inch","https://www.thegioididong.com/man-hinh-may-tinh-27-inch
https://www.thegioididong.com/man-hinh-may-tinh-24-inch",https://congngheviet.com/mot-man-27-inch-hay-hai-man-nho-setup-nao-hop-ban-lam-viec-tai-nha/
Laptop,"màn hình 27 inch
màn hình 24 inch
màn hình di động","https://www.thegioididong.com/man-hinh-may-tinh-27-inch
https://www.thegioididong.com/man-hinh-may-tinh-24-inch
https://www.thegioididong.com/man-hinh-may-tinh-di-dong",https://2game.vn/dung-mua-man-qua-suc-gpu-game-thu-pho-thong-chon-man-co-27-inch-ra-sao-post465806.html
Laptop,"màn hình 27 inch
màn hình 24 inch
màn hình di động","https://www.thegioididong.com/man-hinh-may-tinh-27-inch
https://www.thegioididong.com/man-hinh-may-tinh-24-inch
https://www.thegioididong.com/man-hinh-may-tinh-di-dong",https://fili.vn/2026/07/mua-man-hinh-lon-cho-ban-lam-viec-dung-bo-qua-chan-de-xoay-doc-va-chuan-vesa-4511-1474664.htm
Laptop,"màn hình 27 inch
màn hình 24 inch
màn hình di động","https://www.thegioididong.com/man-hinh-may-tinh-27-inch
https://www.thegioididong.com/man-hinh-may-tinh-24-inch
https://www.thegioididong.com/man-hinh-may-tinh-di-dong",https://lag.vn/tin/cong-nghe/mua-man-hinh-may-tinh-bao-nhieu-inch-la-du-cho-goc-lam-viec-va-giai-tri-.html
Laptop,"màn hình 27 inch
màn hình 24 inch
màn hình di động","https://www.thegioididong.com/man-hinh-may-tinh-27-inch
https://www.thegioididong.com/man-hinh-may-tinh-24-inch
https://www.thegioididong.com/man-hinh-may-tinh-di-dong",https://songdep.com.vn/5-luu-y-can-biet-khi-chon-mua-man-hinh-may-tinh-dung-nhu-cau-d27513.html
Laptop,"pc gaming
máy tính để bàn","https://www.thegioididong.com/may-tinh-de-ban-pc-gaming
https://www.thegioididong.com/may-tinh-de-ban",https://2dep.vn/muon-mua-pc-gaming-it-bi-lech-cau-hinh-hay-bat-dau-tu-bo-loc-nhu-cau-015955688.html
Laptop,"màn hình 27 inch
màn hình 24 inch
màn hình di động
màn hình máy tính","https://www.thegioididong.com/man-hinh-may-tinh-27-inch
https://www.thegioididong.com/man-hinh-may-tinh-24-inch
https://www.thegioididong.com/man-hinh-may-tinh-di-dong
https://www.thegioididong.com/man-hinh-may-tinh",https://trangcongnghe.com.vn/thiet-bi-so/mobile/5245-nhung-cong-nghe-tinh-nang-nen-co-khi-chon-man-hinh-cho-pc-va-laptop.html
Laptop,"màn hình 27 inch
màn hình 24 inch
màn hình di động","https://www.thegioididong.com/man-hinh-may-tinh-27-inch
https://www.thegioididong.com/man-hinh-may-tinh-24-inch
https://www.thegioididong.com/man-hinh-may-tinh-di-dong",https://doanhnghiepcuocsong.vn/chon-man-hinh-may-tinh-cho-hoc-sinh-sinh-vien-du-hoc-online-lam-bai-nhom-va-giai-tri-a268747.html?gidzl=O0AaP39uIWfZ6wnWE69E3c8TgsGlDXeFBqFrCoWv5bOlJAKxUJ8NLtjCeJjvOXLL8n_pRZLZJTTTCdr22W
Laptop,màn hình 24 inch,https://www.thegioididong.com/man-hinh-may-tinh-24-inch,https://thanhnien.vn/man-hinh-24-inch-van-duoc-ua-chuong-du-man-hinh-lon-len-ngoi-vi-sao-185260721141522881.htm
Laptop,"màn hình 24 inch
màn hình 27 inch
màn hình","https://www.thegioididong.com/man-hinh-may-tinh-24-inch
https://www.thegioididong.com/man-hinh-may-tinh-27-inch
https://www.thegioididong.com/man-hinh-may-tinh",https://suckhoedoisong.vn/man-hinh-24-inch-co-phai-lua-chon-can-bang-cho-goc-lam-viec-nho-169260720201300115.htm
Laptop,"màn hình 24 inch
màn hình 27 inch
màn hình","https://www.thegioididong.com/man-hinh-may-tinh-24-inch
https://www.thegioididong.com/man-hinh-may-tinh-27-inch
https://www.thegioididong.com/man-hinh-may-tinh",https://giadinh.suckhoedoisong.vn/man-hinh-lon-ngay-cang-pho-bien-vi-sao-kich-thuoc-24-inch-van-kho-thay-the-172260722174406612.htm
Laptop,màn hình 24 inch,https://www.thegioididong.com/man-hinh-may-tinh-24-inch,https://baomoi.com/vi-sao-man-hinh-24-inch-khong-con-thuoc-phan-khuc-gia-re-c55686924.epi
Laptop,"màn hình 24 inch
màn hình 27 inch","https://www.thegioididong.com/man-hinh-may-tinh-24-inch
https://www.thegioididong.com/man-hinh-may-tinh-27-inch",https://vtcnews.vn/man-hinh-24-inch-cho-hoc-tap-van-phong-gon-ban-va-de-dung-ar1030501.html
Laptop,màn hình máy tính 24 inch,https://www.thegioididong.com/man-hinh-may-tinh-24-inch,https://giaoducthoidai.vn/danh-gia-man-hinh-24-inch-cho-van-phong-va-giai-tri-co-dang-mua-post786039.html
Laptop,"màn hình 24 inch
màn hình 27 inch","https://www.thegioididong.com/man-hinh-may-tinh-24-inch
https://www.thegioididong.com/man-hinh-may-tinh-27-inch",https://baohatinh.vn/man-hinh-24-inch-co-du-dung-cho-excel-word-va-hop-truc-tuyen-post314295.html
Laptop,"màn hình 24 inch
màn hình 27 inch","https://www.thegioididong.com/man-hinh-may-tinh-24-inch
https://www.thegioididong.com/man-hinh-may-tinh-27-inch",https://baodongnai.com.vn/doanh-nhan-doanh-nghiep/dich-vu/202607/tu-laptop-156-inch-len-man-hinh-24-inch-trai-nghiem-thay-doi-the-nao-d2619bb/
Laptop,"màn hình 24 inch
màn hình 27 inch","https://www.thegioididong.com/man-hinh-may-tinh-24-inch
https://www.thegioididong.com/man-hinh-may-tinh-27-inch",https://baocamau.vn/man-hinh-ips-hay-va-24-inch-nen-uu-tien-mau-sac-hay-do-tuong-phan-a131027.html
Laptop,"màn hình 24 inch
màn hình 27 inch
màn hình","https://www.thegioididong.com/man-hinh-may-tinh-24-inch
https://www.thegioididong.com/man-hinh-may-tinh-27-inch
https://www.thegioididong.com/man-hinh-may-tinh",https://doanhnghiepcuocsong.vn/man-hinh-24-inch-nen-dat-cao-the-nao-de-giam-moi-co-a269392.html
Laptop,"laptop dell
asus","https://www.thegioididong.com/laptop-dell
https://www.thegioididong.com/laptop-asus",https://znews.vn/phan-biet-cac-dong-laptop-dell-truoc-khi-chon-mua-post1672105.html
Laptop,"laptop dell
laptop dell 15
dell alienware","https://www.thegioididong.com/laptop-dell
https://www.thegioididong.com/laptop-dell-15
https://www.thegioididong.com/laptop-dell-gaming-alienware",https://eva.vn/tieu-dung/dell-dell-pro-va-alienware-phu-hop-voi-nhung-nhom-nguoi-dung-nao-c2a677667.html
Laptop,"laptop dell
laptop dell 15
dell alienware","https://www.thegioididong.com/laptop-dell
https://www.thegioididong.com/laptop-dell-15
https://www.thegioididong.com/laptop-dell-gaming-alienware",https://afamily.vn/inspiron-latitude-precision-va-xps-nhung-ten-goi-quen-thuoc-cua-dell-gio-ra-sao-236260723165811987.chn
Laptop,"laptop asus
msi","https://www.thegioididong.com/laptop-asus
https://www.thegioididong.com/laptop-msi",https://www.saostar.vn/cong-nghe/laptop-asus-gia-de-tiep-can-dang-thu-hep-khoang-cach-voi-dong-cao-cap-202607221200441412.html
Laptop,"laptop asus
máy tính xách tay
asus vivobook","https://www.thegioididong.com/laptop-asus
https://www.thegioididong.com/laptop
https://www.thegioididong.com/laptop-asus-vivobook",https://phunusuckhoe.giadinhonline.vn/asus-ua-ai-agent-en-nguoi-dung-pho-thong-tien-ich-hay-rui-ro-rieng-tu-c10a516126.html
Laptop,"laptop asus
laptop
laptop acer
laptop dell
lenovo ideapad","https://www.thegioididong.com/laptop-asus
https://www.thegioididong.com/laptop
https://www.thegioididong.com/laptop-acer
https://www.thegioididong.com/laptop-dell
https://www.thegioididong.com/laptop-lenovo-ideapad",https://vnreview.vn/threads/laptop-asus-gaming-tam-gia-30-trieu-nen-chon-tuf-hay-co-len-rog.88256/
Laptop,"laptop asus
msi","https://www.thegioididong.com/laptop-asus
https://www.thegioididong.com/laptop-msi",https://bongda24h.vn/tin-tuc-tong-hop/pin-laptop-asus-tut-nhanh-sau-1-nam-205-455741.html
Laptop,"laptop asus
máy tính xách tay
asus vivobook","https://www.thegioididong.com/laptop-asus
https://www.thegioididong.com/laptop
https://www.thegioididong.com/laptop-asus-vivobook",https://tiin.vn/chuyen-muc/sanh/myasus-tren-laptop-asus-co-that-su-can-thiet.html#gsc.tab=0
Laptop,"laptop asus
msi","https://www.thegioididong.com/laptop-asus
https://www.thegioididong.com/laptop-msi",https://voz.vn/t/asus-mo-rong-oled-xuong-vivobook-man-hinh-cao-cap-co-tro-thanh-tieu-chuan-moi.1263453/
Laptop,"asus vivobook
laptop","https://www.thegioididong.com/laptop-asus-vivobook
https://www.thegioididong.com/laptop",https://baodanang.vn/asus-vivobook-lua-chon-vua-du-hoc-tap-lam-viec-3343799.html
Laptop,"asus vivobook
laptop","https://www.thegioididong.com/laptop-asus-vivobook
https://www.thegioididong.com/laptop",https://baodongnai.com.vn/doanh-nhan-doanh-nghiep/dich-vu/202607/mua-asus-vivobook-dung-4-5-nam-dung-chi-nhin-gia-ban-dau-bd10f80/?gidzl=khWQHEbHVmQveH90uqnx2B2b7aZyGdDOf_X9JV0J9rgd_XeSfq9pNQ2eIqcZ425Qzwj57cHYtbnnwLHt1W
Laptop,"asus vivobook
laptop","https://www.thegioididong.com/laptop-asus-vivobook
https://www.thegioididong.com/laptop",https://baolamdong.vn/asus-vivobook-co-bao-nhieu-dong-chon-the-nao-de-khong-mua-thua-cau-hinh-452764.html?gidzl=Q_nSL_fHLNPevLHJy4nIT6NcLbBhJrznAEK9Mx1E2dadvrm9vai8AtFbMrkmHbru9EjLM3EWcZ0I-bHTTW
Laptop,"asus vivobook
laptop","https://www.thegioididong.com/laptop-asus-vivobook
https://www.thegioididong.com/laptop",https://baothanhhoa.vn/dung-chi-nhin-gia-ban-nguoi-mua-vivobook-nen-tinh-ca-chi-phi-len-doi-294415.htm
Laptop,"asus vivobook
laptop","https://www.thegioididong.com/laptop-asus-vivobook
https://www.thegioididong.com/laptop",https://congngheviet.com/laptop-ai-len-ngoi-chon-asus-vivobook-the-nao-cho-dung-nhu-cau-that/
Laptop,"asus vivobook
asus
tuf gaming","https://www.thegioididong.com/laptop-asus-vivobook
https://www.thegioididong.com/laptop-asus
https://www.thegioididong.com/laptop-asus-tuf-gaming",https://2game.vn/chon-asus-vivobook-mong-nhe-hay-laptop-gaming-de-khong-mua-sai-post466568.html
Laptop,"asus vivobook
asus
tuf gaming","https://www.thegioididong.com/laptop-asus-vivobook
https://www.thegioididong.com/laptop-asus
https://www.thegioididong.com/laptop-asus-tuf-gaming",https://fili.vn/2026/07/vivobook-pho-thong-hay-laptop-gaming-chon-may-theo-nhip-hoc-lam-va-giai-tri-4511-1474569.htm
Laptop,"asus vivobook
asus
tuf gaming","https://www.thegioididong.com/laptop-asus-vivobook
https://www.thegioididong.com/laptop-asus
https://www.thegioididong.com/laptop-asus-tuf-gaming",https://songdep.com.vn/hoc-online-hop-truc-tuyen-nhieu-hon-chon-asus-vivobook-nen-uu-tien-gi-d27514.html
Laptop,"asus vivobook
laptop","https://www.thegioididong.com/laptop-asus-vivobook
https://www.thegioididong.com/laptop",https://2dep.vn/mua-asus-vivobook-nen-chon-man-hinh-14-15-hay-16-inch-de-hop-nhip-hoc-va-lam-016647073.html
Laptop,"laptop lenovo
laptop acer
lenovo ideapad","https://www.thegioididong.com/laptop-lenovo
https://www.thegioididong.com/laptop-acer
https://www.thegioididong.com/laptop-lenovo-ideapad",https://www.24h.com.vn/kham-pha-cong-nghe/laptop-lenovo-co-npu-50-tops-nguoi-dung-pho-thong-co-that-su-can-c675a1780370.html
Laptop,"laptop lenovo
laptop acer
lenovo ideapad","https://www.thegioididong.com/laptop-lenovo
https://www.thegioididong.com/laptop-acer
https://www.thegioididong.com/laptop-lenovo-ideapad",https://suckhoedoisong.vn/mua-laptop-2026-co-nen-chon-may-co-npu-de-dung-lau-hon-169260723111015948.htm
Laptop,"laptop lenovo
laptop acer
lenovo ideapad","https://www.thegioididong.com/laptop-lenovo
https://www.thegioididong.com/laptop-acer
https://www.thegioididong.com/laptop-lenovo-ideapad",https://thethao247.vn/485-pin-laptop-lenovo-tut-nhanh-sau-1-nam-chai-pin-hay-do-thiet-lap-windows-d429308.html
Laptop,"laptop lenovo
laptop giá rẻ","https://www.thegioididong.com/laptop-lenovo
https://www.thegioididong.com/laptop",https://baohatinh.vn/laptop-lenovo-20-25-trieu-nen-uu-tien-oled-ram-lon-hay-cpu-manh-post314434.html
Laptop,"laptop msi
laptop acer
laptop hp","https://www.thegioididong.com/laptop-msi
https://www.thegioididong.com/laptop-acer
https://www.thegioididong.com/laptop-hp-compaq",https://giadinh.suckhoedoisong.vn/dung-chon-may-msi-chi-vi-cau-hinh-4-yeu-to-nen-can-nhac-de-tranh-mua-lang-phi-172260706113152906.htm
Laptop,"laptop msi
acer","https://www.thegioididong.com/laptop-msi
https://www.thegioididong.com/laptop-acer",https://www.saostar.vn/cong-nghe/laptop-msi-khong-chi-danh-cho-game-thu-chon-may-the-nao-cho-hoc-tap-202607061306493709.html
Laptop,"laptop msi
acer","https://www.thegioididong.com/laptop-msi
https://www.thegioididong.com/laptop-acer",https://vietstock.vn/2026/07/khi-laptop-gaming-bot-ham-ho-msi-nham-toi-nguoi-dung-vua-lam-viec-vua-giai-tri-4511-1462789.htm
Laptop,"laptop msi
acer","https://www.thegioididong.com/laptop-msi
https://www.thegioididong.com/laptop-acer",https://thethaovanhoa.vn/tu-laptop-hinh-rong-den-ai-pc-msi-dang-keo-game-thu-viet-vao-cuoc-dua-nang-cap-moi-20260708162838732.htm
Laptop,"laptop msi
acer","https://www.thegioididong.com/laptop-msi
https://www.thegioididong.com/laptop-acer",https://baodanang.vn/man-hinh-240-hz-may-16-18-inch-len-ngoi-nguoi-mua-msi-nen-chon-kich-thuoc-phu-hop-3344115.html
Laptop,"laptop msi
acer","https://www.thegioididong.com/laptop-msi
https://www.thegioididong.com/laptop-acer",https://baohatinh.vn/chon-may-msi-theo-ngan-sach-khi-nao-nen-uu-tien-gaming-do-hoa-hay-mong-nhe-post313779.html
Laptop,"laptop msi
máy tính xách tay
laptop acer
asus vivobook
laptop lenovo","https://www.thegioididong.com/laptop-msi
https://www.thegioididong.com/laptop
https://www.thegioididong.com/laptop-acer
https://www.thegioididong.com/laptop-asus-vivobook
https://www.thegioididong.com/laptop-lenovo",https://vietbao.vn/chon-laptop-theo-nhu-cau-msi-manh-o-dau-khi-nao-nen-nhin-sang-acer-asus-hay-lenovo-598651.html
Laptop,"laptop msi
acer","https://www.thegioididong.com/laptop-msi
https://www.thegioididong.com/laptop-acer",https://baodongnai.com.vn/doanh-nhan-doanh-nghiep/dich-vu/202607/chon-laptop-choi-game-nam-2026-vi-sao-he-sinh-thai-quan-trong-hon-cau-hinh-don-le-5bb0f17/
Laptop,"laptop msi
acer","https://www.thegioididong.com/laptop-msi
https://www.thegioididong.com/laptop-acer",https://baolamdong.vn/tu-hoc-tap-den-game-va-ai-cach-doc-bo-loc-nhu-cau-khi-chon-may-msi-453407.html
Laptop,"laptop msi
laptop acer
laptop hp","https://www.thegioididong.com/laptop-msi
https://www.thegioididong.com/laptop-acer
https://www.thegioididong.com/laptop-hp-compaq",https://www.techz.vn/143-726-6-tra-gop-0-va-bai-toan-nang-cap-may-msi-mua-cau-hinh-manh-the-nao-de-khong-qua-tay-ylt701107.html
Laptop,"laptop msi
acer","https://www.thegioididong.com/laptop-msi
https://www.thegioididong.com/laptop-acer",https://baoangiang.com.vn/phan-biet-cac-dong-gaming-msi-dau-la-lua-chon-ly-tuong-cho-tung-nhu-cau-a492719.html?gidzl=aal89T2G4rMHKi0XseeGLPfVmI_7qaOEW0V5ByhI5G-92PHxpe4G2znPmdlEq181srt19s9pxE93q9KRLG
Laptop,"laptop msi
acer","https://www.thegioididong.com/laptop-msi
https://www.thegioididong.com/laptop-acer",https://baothanhhoa.vn/mua-may-msi-gaming-can-luu-y-gi-de-chon-dung-nhu-cau-tranh-qua-tay-294848.htm
Laptop,"laptop msi
acer","https://www.thegioididong.com/laptop-msi
https://www.thegioididong.com/laptop-acer",https://sohuutritue.net.vn/top-msi-gaming-dang-so-huu-cho-tan-sinh-vien-chon-may-theo-nganh-hoc-va-nhu-cau-giai-tri-d402765.html#
Laptop,"laptop msi
laptop acer
laptop hp","https://www.thegioididong.com/laptop-msi
https://www.thegioididong.com/laptop-acer
https://www.thegioididong.com/laptop-hp-compaq",https://emdep.vn/song-xanh/laptop-msi-rtx-50-series-co-choi-tot-game-aaa-gpu-chua-phai-yeu-to-duy-nhat-20260719204729181.htm
Laptop,"laptop msi
acer","https://www.thegioididong.com/laptop-msi
https://www.thegioididong.com/laptop-acer",https://baocamau.vn/ces-2026-msi-ra-mat-loat-laptop-ai-moi-tan-sinh-vien-can-biet-gi-a131093.html
Laptop,"laptop msi
acer","https://www.thegioididong.com/laptop-msi
https://www.thegioididong.com/laptop-acer",https://giadinhmoi.vn/top-may-msi-gaming-gia-re-dang-so-huu-chon-manh-vua-du-khong-qua-tay-d99375.html
Laptop,"laptop msi
acer","https://www.thegioididong.com/laptop-msi
https://www.thegioididong.com/laptop-acer",https://congngheviet.com/msi-gaming-choi-game-co-nong-khong-cach-hieu-dung-truoc-khi-mua/
Laptop,"laptop msi
laptop acer
laptop hp","https://www.thegioididong.com/laptop-msi
https://www.thegioididong.com/laptop-acer
https://www.thegioididong.com/laptop-hp-compaq",https://2game.vn/chon-may-tinh-xach-tay-msi-cho-dan-van-phong-can-luu-y-gi-post465654.html
Laptop,"laptop msi
laptop acer
laptop hp","https://www.thegioididong.com/laptop-msi
https://www.thegioididong.com/laptop-acer
https://www.thegioididong.com/laptop-hp-compaq",https://fili.vn/2026/07/laptop-msi-co-ben-khong-co-dang-so-huu-khong-4511-1474609.htm
Laptop,"laptop msi
laptop acer
laptop hp","https://www.thegioididong.com/laptop-msi
https://www.thegioididong.com/laptop-acer
https://www.thegioididong.com/laptop-hp-compaq",https://lag.vn/tin/cong-nghe/laptop-msi-gaming-15-16-hay-tren-16-inch-chon-co-nao-hop-nhu-cau-.html
Laptop,"laptop msi
acer","https://www.thegioididong.com/laptop-msi
https://www.thegioididong.com/laptop-acer",https://2dep.vn/muon-mot-chiec-may-thay-pc-tai-nha-nen-nhin-may-msi-theo-cach-naoo-015946839.html
Laptop,"lenovo ideapad
laptop","https://www.thegioididong.com/laptop-lenovo-ideapad
https://www.thegioididong.com/laptop",https://tinhte.vn/thread/qc-lenovo-ideapad-cho-sinh-vien-lua-chon-quen-thuoc-giua-thi-truong-canh-tranh.4162840/
Laptop,"lenovo ideapad
laptop","https://www.thegioididong.com/laptop-lenovo-ideapad
https://www.thegioididong.com/laptop",https://congngheviet.com/laptop-lenovo-ideapad-khong-con-chi-la-dong-may-gia-re-dieu-gi-dang-thay-doi/
Laptop,"lenovo ideapad
laptop","https://www.thegioididong.com/laptop-lenovo-ideapad
https://www.thegioididong.com/laptop",https://znews.vn/phan-biet-cac-dong-laptop-dell-truoc-khi-chon-mua-post1672105.html
Laptop,"lenovo ideapad
lenovo
laptop giá rẻ","https://www.thegioididong.com/laptop-lenovo-ideapad
https://www.thegioididong.com/laptop-lenovo
https://www.thegioididong.com/laptop",https://kenh14.vn/laptop-lenovo-ideapad-hien-nay-co-nhung-dong-nao-215260723155516722.chn
Laptop,"lenovo ideapad
lenovo
laptop giá rẻ","https://www.thegioididong.com/laptop-lenovo-ideapad
https://www.thegioididong.com/laptop-lenovo
https://www.thegioididong.com/laptop",https://eva.vn/tieu-dung/lenovo-ideapad-va-thinkbook-khac-nhau-the-nao-c2a677870.html
Laptop,"dell 15
máy tính xách tay
dell
màn hình dell
dell alienware","https://www.thegioididong.com/laptop-dell-15
https://www.thegioididong.com/laptop
https://www.thegioididong.com/laptop-dell
https://www.thegioididong.com/man-hinh-may-tinh-dell
https://www.thegioididong.com/laptop-dell-gaming-alienware",https://vietbao.vn/laptop-dell-15-tu-20-25-trieu-nen-chon-core-i5-hay-core-i7-599883.html
Laptop,"dell 15
dell","https://www.thegioididong.com/laptop-dell-15
https://www.thegioididong.com/laptop-dell",https://www.saostar.vn/cong-nghe/danh-gia-laptop-dell-15-on-dinh-cho-van-phong-hay-thiet-ke-da-loi-202607231430416948.html
Laptop,"dell 15
dell
alienware","https://www.thegioididong.com/laptop-dell-15
https://www.thegioididong.com/laptop-dell
https://www.thegioididong.com/laptop-dell-gaming-alienware",https://phunusuckhoe.giadinhonline.vn/trai-nghiem-dell-15-sau-mot-thang-iem-gi-ang-tien-iem-gi-con-han-che-c10a516128.html
Laptop,"dell 15
dell","https://www.thegioididong.com/laptop-dell-15
https://www.thegioididong.com/laptop-dell",https://sohuutritue.net.vn/laptop-dell-15-phu-hop-sinh-vien-kinh-te-hay-sinh-vien-ky-thuat-hon-d404833.html
Laptop,"dell 15
dell
alienware","https://www.thegioididong.com/laptop-dell-15
https://www.thegioididong.com/laptop-dell
https://www.thegioididong.com/laptop-dell-gaming-alienware",https://tiin.vn/chuyen-muc/sanh/dell-15-core-i5-hay-core-i7-chenh-lech-gia-co-dang-khong.html#gsc.tab=0
Laptop,"laptop hp
laptop acer
laptop","https://www.thegioididong.com/laptop-hp-compaq
https://www.thegioididong.com/laptop-acer
https://www.thegioididong.com/laptop",https://emdep.vn/song-xanh/laptop-hp-co-dang-tro-lai-manh-hon-nho-lan-song-ai-pc-20260716103551876.htm
Laptop,"laptop hp
laptop acer
laptop","https://www.thegioididong.com/laptop-hp-compaq
https://www.thegioididong.com/laptop-acer
https://www.thegioididong.com/laptop",https://yeah1.com/cong-nghe/laptop-hp-tich-hop-ai-rut-ngan-thoi-gian-xu-ly-da-nhiem-ra-sao-sw4m0u
Laptop,"laptop hp
máy tính xách tay","https://www.thegioididong.com/laptop-hp-compaq
https://www.thegioididong.com/laptop",https://baocamau.vn/laptop-windows-buoc-vao-thoi-ai-hp-dang-thay-doi-cach-nguoi-dung-chon-may-ra-sao-a130728.html
Laptop,"laptop hp
máy tính xách tay","https://www.thegioididong.com/laptop-hp-compaq
https://www.thegioididong.com/laptop",https://giadinhmoi.vn/nguoi-dung-can-doi-laptop-nam-2026-vi-sao-hp-van-la-thuong-hieu-de-can-nhac-d99442.html
Laptop,"laptop hp
laptop acer
laptop","https://www.thegioididong.com/laptop-hp-compaq
https://www.thegioididong.com/laptop-acer
https://www.thegioididong.com/laptop",https://www.phunuvagiadinh.vn/doi-song-165/khi-laptop-pho-thong-canh-tranh-ve-gia-hp-con-giu-loi-the-de-mua-de-dung-764282
Laptop,"laptop hp
laptop acer
laptop","https://www.thegioididong.com/laptop-hp-compaq
https://www.thegioididong.com/laptop-acer
https://www.thegioididong.com/laptop",https://tudonghoangaynay.vn/hp-lenovo-dell-canh-tranh-manh-nguoi-mua-laptop-duoc-loi-gi-22615.html
Laptop,"laptop hp
máy tính xách tay","https://www.thegioididong.com/laptop-hp-compaq
https://www.thegioididong.com/laptop",https://congngheviet.com/laptop-co-npu-dan-van-phong-co-that-su-can-ai-tren-may-tinh-ca-nhan/
Laptop,"laptop hp
laptop acer
laptop","https://www.thegioididong.com/laptop-hp-compaq
https://www.thegioididong.com/laptop-acer
https://www.thegioididong.com/laptop",https://2game.vn/hp-ominbok-va-lan-song-ai-pc-laptop-pho-thong-ngay-cang-thong-minh-post466358.html
Laptop,"laptop hp
laptop acer
laptop","https://www.thegioididong.com/laptop-hp-compaq
https://www.thegioididong.com/laptop-acer
https://www.thegioididong.com/laptop",https://fili.vn/2026/07/ai-tren-may-tinh-xach-tay-hp-huu-ich-cho-hop-online-ghi-chu-chinh-anh-hay-chi-la-quang-cao-4511-1474596.htm
Laptop,"laptop hp
laptop acer
laptop","https://www.thegioididong.com/laptop-hp-compaq
https://www.thegioididong.com/laptop-acer
https://www.thegioididong.com/laptop",https://doanhnghiepcuocsong.vn/laptop-cho-sinh-vien-chon-sao-de-hoc-tot-ma-khong-mua-qua-tay-a269391.html
Phụ kiện,"bàn phím máy tính
bàn phím logitech
bàn phím cơ","https://www.thegioididong.com/ban-phim
https://www.thegioididong.com/ban-phim-logitech
https://www.thegioididong.com/ban-phim-co",https://www.24h.com.vn/the-gioi-cong-nghe/chon-ban-phim-roi-theo-nhu-cau-go-van-phong-lam-viec-da-thiet-bi-hay-choi-game-c674a1773051.html
Phụ kiện,"bàn phím cơ
bàn phím logitech k120
bàn phím máy tính","https://www.thegioididong.com/ban-phim-co
https://www.thegioididong.com/ban-phim/ban-phim-co-day-logitech-k120
https://www.thegioididong.com/ban-phim",https://afamily.vn/ban-phim-co-khong-chi-danh-cho-game-thu-nguoi-moi-nen-chon-sao-de-go-em-dung-ben-23626063021544494.chn
Phụ kiện,"bàn phím cơ
bàn phím logitech k120
bàn phím máy tính","https://www.thegioididong.com/ban-phim-co
https://www.thegioididong.com/ban-phim/ban-phim-co-day-logitech-k120
https://www.thegioididong.com/ban-phim",https://thethao247.vn/367-nguoi-moi-mua-ban-phim-co-nen-uu-tien-gi-de-go-suong-hon-ma-khong-chon-nham-d425599.html
Phụ kiện,"bàn phím logitech k120
bàn phím máy tính","https://www.thegioididong.com/ban-phim/ban-phim-co-day-logitech-k120
https://www.thegioididong.com/ban-phim",https://vietstock.vn/2026/07/khong-can-chay-theo-ban-phim-co-dan-van-phong-van-co-lua-chon-go-em-voi-logitech-k120-4511-1460340.htm
Phụ kiện,"bàn phím logitech k120
bàn phím máy tính","https://www.thegioididong.com/ban-phim/ban-phim-co-day-logitech-k120
https://www.thegioididong.com/ban-phim",https://baodanang.vn/ban-phim-nho-gon-len-ngoi-nhung-nguoi-nhap-lieu-nhieu-van-can-mot-lua-chon-full-size-3342752.html
Phụ kiện,"bàn phím logitech k120
bàn phím máy tính","https://www.thegioididong.com/ban-phim/ban-phim-co-day-logitech-k120
https://www.thegioididong.com/ban-phim",https://baolamdong.vn/goc-lam-viec-tai-nha-can-gi-o-mot-ban-phim-gia-de-tiep-can-452011.html
Phụ kiện,"bàn phím logitech k120
bàn phím máy tính","https://www.thegioididong.com/ban-phim/ban-phim-co-day-logitech-k120
https://www.thegioididong.com/ban-phim",https://baoangiang.com.vn/go-nhieu-tren-laptop-vi-sao-nen-can-nhac-them-mot-ban-phim-roi-co-day-a491897.html
Phụ kiện,"bàn phím logitech k120
bàn phím máy tính","https://www.thegioididong.com/ban-phim/ban-phim-co-day-logitech-k120
https://www.thegioididong.com/ban-phim",https://baothanhhoa.vn/mua-ban-phim-cho-goc-lam-viec-dung-chung-vi-sao-nen-uu-tien-loai-don-gian-de-thay-the-294176.htm
Phụ kiện,"bàn phím logitech k120
bàn phím máy tính","https://www.thegioididong.com/ban-phim/ban-phim-co-day-logitech-k120
https://www.thegioididong.com/ban-phim",https://baotuyenquang.com.vn/thong-tin-quang-cao/202606/logitech-k120-lua-chon-ban-phim-co-day-gon-gang-cho-hoc-tap-nhap-lieu-va-lam-viec-van-phong-9242e0b/
Phụ kiện,"bàn phím logitech k120
bàn phím máy tính","https://www.thegioididong.com/ban-phim/ban-phim-co-day-logitech-k120
https://www.thegioididong.com/ban-phim",https://baocamau.vn/lam-viec-trong-khong-gian-dong-nguoi-ban-phim-it-gay-on-dang-can-nhac-hon-nhieu-tinh-nang-thua-a130414.html
Phụ kiện,"dji osmo pocket 4
camera dji","https://www.thegioididong.com/camera-hanh-trinh-hanh-dong/camera-ky-thuat-so-dji-osmo-pocket-4-standard-combo-op-041std
https://www.thegioididong.com/camera-hanh-trinh-hanh-dong-dji",https://vietstock.vn/2026/07/camera-vlog-bo-tui-vi-sao-dji-osmo-pocket-4-hop-voi-nguoi-hay-di-cong-tac-du-lich-4511-1460338.htm
Phụ kiện,"dji osmo pocket 4
camera dji","https://www.thegioididong.com/camera-hanh-trinh-hanh-dong/camera-ky-thuat-so-dji-osmo-pocket-4-standard-combo-op-041std
https://www.thegioididong.com/camera-hanh-trinh-hanh-dong-dji",https://baodanang.vn/di-du-lich-mot-minh-van-quay-vlog-muot-voi-dji-osmo-pocket-4-3342751.html
Phụ kiện,"dji osmo pocket 4
camera dji","https://www.thegioididong.com/camera-hanh-trinh-hanh-dong/camera-ky-thuat-so-dji-osmo-pocket-4-standard-combo-op-041std
https://www.thegioididong.com/camera-hanh-trinh-hanh-dong-dji",https://baodongnai.com.vn/doanh-nhan-doanh-nghiep/dich-vu/202607/dji-osmo-pocket-4-camera-phu-gon-nhe-cho-ekip-nho-quay-su-kien-review-va-noi-dung-mang-xa-hoi-9ae06d8/
Phụ kiện,"dji osmo pocket 4
camera dji","https://www.thegioididong.com/camera-hanh-trinh-hanh-dong/camera-ky-thuat-so-dji-osmo-pocket-4-standard-combo-op-041std
https://www.thegioididong.com/camera-hanh-trinh-hanh-dong-dji",https://baolamdong.vn/dji-osmo-pocket-4-ra-mat-nhung-nang-cap-dang-chu-y-cho-nguoi-quay-vlog-452276.html
Phụ kiện,"dji osmo pocket 4
camera dji","https://www.thegioididong.com/camera-hanh-trinh-hanh-dong/camera-ky-thuat-so-dji-osmo-pocket-4-standard-combo-op-041std
https://www.thegioididong.com/camera-hanh-trinh-hanh-dong-dji",https://baothanhhoa.vn/dji-osmo-pocket-4-se-thay-the-may-anh-som-294186.htm
Phụ kiện,"dji osmo pocket 4
camera dji","https://www.thegioididong.com/camera-hanh-trinh-hanh-dong/camera-ky-thuat-so-dji-osmo-pocket-4-standard-combo-op-041std
https://www.thegioididong.com/camera-hanh-trinh-hanh-dong-dji",https://baotuyenquang.com.vn/thong-tin-quang-cao/202607/dung-voi-mua-dji-osmo-pocket-4-neu-chua-biet-dieu-nay-aa628d9/
Phụ kiện,"dji osmo pocket 4
camera dji","https://www.thegioididong.com/camera-hanh-trinh-hanh-dong/camera-ky-thuat-so-dji-osmo-pocket-4-standard-combo-op-041std
https://www.thegioididong.com/camera-hanh-trinh-hanh-dong-dji",https://baocamau.vn/dji-osmo-pocket-4-co-gi-moi-dang-de-xuong-tien-a130387.html
Phụ kiện,"dji osmo pocket 4
camera dji","https://www.thegioididong.com/camera-hanh-trinh-hanh-dong/camera-ky-thuat-so-dji-osmo-pocket-4-standard-combo-op-041std
https://www.thegioididong.com/camera-hanh-trinh-hanh-dong-dji",https://giadinhmoi.vn/dji-osmo-pocket-4-co-dang-de-nang-cap-khi-nao-nen-len-doi-khi-nao-nen-giu-may-cu-d99389.html
Phụ kiện,"ezviz h8c pro
camera","https://www.thegioididong.com/camera-giam-sat/camera-ip-ngoai-troi-360-do-3mp-ezviz-h8c-pro
https://www.thegioididong.com/camera-giam-sat",https://thethaovanhoa.vn/muon-tang-an-ninh-truoc-cong-nha-vi-sao-nen-chon-thiet-bi-giam-sat-xoay-rong-20260706144336037.htm
Phụ kiện,"ezviz h8c pro
camera","https://www.thegioididong.com/camera-giam-sat/camera-ip-ngoai-troi-360-do-3mp-ezviz-h8c-pro
https://www.thegioididong.com/camera-giam-sat",https://baohatinh.vn/nhung-luu-y-khi-chon-mua-camera-gia-re-de-dung-ben-va-dung-nhu-cau-post313567.html
Phụ kiện,"ezviz h8c pro
camera","https://www.thegioididong.com/camera-giam-sat/camera-ip-ngoai-troi-360-do-3mp-ezviz-h8c-pro
https://www.thegioididong.com/camera-giam-sat",https://baodongnai.com.vn/doanh-nhan-doanh-nghiep/dich-vu/202607/danh-gia-camera-ezviz-h8c-pro-co-nen-mua-de-tang-an-ninh-ngoai-troi-b1d06e0/
Phụ kiện,"ezviz h8c pro
camera","https://www.thegioididong.com/camera-giam-sat/camera-ip-ngoai-troi-360-do-3mp-ezviz-h8c-pro
https://www.thegioididong.com/camera-giam-sat",https://baolamdong.vn/nen-mua-camera-xoay-360-do-hay-co-dinh-cho-gia-dinh-cua-hang-nho-452763.html
Phụ kiện,"ezviz h8c pro
camera","https://www.thegioididong.com/camera-giam-sat/camera-ip-ngoai-troi-360-do-3mp-ezviz-h8c-pro
https://www.thegioididong.com/camera-giam-sat",https://baoangiang.com.vn/nhung-luu-y-can-biet-truoc-khi-mua-ezviz-h8c-pro-a492405.html
Phụ kiện,"chuột logitech
chuột không dây
logitech g304","https://www.thegioididong.com/chuot-may-tinh-logitech
https://www.thegioididong.com/chuot-may-tinh-chuot-khong-day
https://www.thegioididong.com/chuot-may-tinh/chuot-khong-day-gaming-logitech-g304",https://giadinh.suckhoedoisong.vn/chuot-khong-day-dan-thay-the-chuot-co-day-nguoi-dung-duoc-gi-ngoai-ban-lam-viec-gon-hon-172260717155211419.htm
Phụ kiện,"chuột logitech
logitech g304","https://www.thegioididong.com/chuot-may-tinh-logitech
https://www.thegioididong.com/chuot-may-tinh/chuot-khong-day-gaming-logitech-g304",https://congngheviet.com/chuot-logitech-giu-suc-hut-giua-thi-truong-nhieu-lua-chon-gia-re-nho-dau/
Phụ kiện,"chuột logitech
logitech g304","https://www.thegioididong.com/chuot-may-tinh-logitech
https://www.thegioididong.com/chuot-may-tinh/chuot-khong-day-gaming-logitech-g304",https://vietstock.vn/2026/07/chuot-van-phong-va-chuot-gaming-ngay-cang-giong-nhau-vay-khac-biet-nam-o-dau-4511-1467682.htm
Phụ kiện,chuột logitech,https://www.thegioididong.com/chuot-may-tinh-logitech,https://giaoducthoidai.vn/chuot-logitech-tich-hop-phim-tat-ai-co-the-thay-doi-cach-dan-van-phong-lam-viec-post785557.html?gidzl=JXNPKcjyCJnD3D5MOMOrEKmEt59sDciv0L221N4vPs01Nz8D839cOLLVrWqWOcHZ3Go4M3KKNj5TQtavF0
Phụ kiện,"chuột logitech
logitech g304","https://www.thegioididong.com/chuot-may-tinh-logitech
https://www.thegioididong.com/chuot-may-tinh/chuot-khong-day-gaming-logitech-g304",https://thethaovanhoa.vn/mot-cu-nhap-mo-chatgpt-chuot-ai-co-tro-thanh-xu-huong-phu-kien-moi-20260719212514628.htm
Phụ kiện,"chuột logitech
chuột không dây
logitech g304
bàn phím máy tính
bàn phím logitech","https://www.thegioididong.com/chuot-may-tinh-logitech
https://www.thegioididong.com/chuot-may-tinh-chuot-khong-day
https://www.thegioididong.com/chuot-may-tinh/chuot-khong-day-gaming-logitech-g304
https://www.thegioididong.com/ban-phim
https://www.thegioididong.com/ban-phim-logitech",https://vietbao.vn/chuot-gaming-44000-dpi-co-thuc-su-can-thiet-khi-choi-game-599529.html
Phụ kiện,"chuột logitech
logitech g304","https://www.thegioididong.com/chuot-may-tinh-logitech
https://www.thegioididong.com/chuot-may-tinh/chuot-khong-day-gaming-logitech-g304",https://baodongnai.com.vn/doanh-nhan-doanh-nghiep/dich-vu/202607/logitech-pro-x2-superstrike-co-dang-nang-cap-nho-cong-nghe-click-hits-2331683/
Phụ kiện,"chuột không dây
chuột logitech
logitech g304","https://www.thegioididong.com/chuot-may-tinh-chuot-khong-day
https://www.thegioididong.com/chuot-may-tinh-logitech
https://www.thegioididong.com/chuot-may-tinh/chuot-khong-day-gaming-logitech-g304",https://giadinh.suckhoedoisong.vn/chuot-khong-day-gia-re-pin-lau-hay-nhieu-tinh-nang-dau-la-lua-chon-phu-hop-172260722144452041.htm
Phụ kiện,"chuột không dây
chuột logitech","https://www.thegioididong.com/chuot-may-tinh-chuot-khong-day
https://www.thegioididong.com/chuot-may-tinh-logitech",https://sohuutritue.net.vn/chuot-khong-day-van-phong-tren-1-trieu-dong-co-dang-mua-d404671.html
Phụ kiện,"chuột không dây
chuột logitech
logitech g304","https://www.thegioididong.com/chuot-may-tinh-chuot-khong-day
https://www.thegioididong.com/chuot-may-tinh-logitech
https://www.thegioididong.com/chuot-may-tinh/chuot-khong-day-gaming-logitech-g304",https://fili.vn/2026/07/chuot-dung-dau-thu-usb-co-con-tot-hon-bluetooth-trong-nam-2026-4511-1474718.htm
Phụ kiện,"gimbal dji
máy chiếu xiaomi","https://www.thegioididong.com/gay-tu-suong-dji
https://www.thegioididong.com/may-chieu-xiaomi",https://vietstock.vn/2026/07/gimbal-khong-chi-chong-rung-cuoc-canh-tranh-moi-nam-o-kha-nang-quay-tu-dong-4511-1467640.htm
Phụ kiện,gimbal dji,https://www.thegioididong.com/gay-tu-suong-dji,https://giaoducthoidai.vn/activetrack-80-tren-gimbal-dji-bam-nguoi-tot-den-muc-nao-post785484.html?gidzl=_VDgUPNrD03-wc9zd-ym1V_iOdU8ksCBih8y88-qRrAolMmethzkK-QzQ2ZUxsnHlkuwVJLPCMTAbV0y00
Phụ kiện,"gimbal dji
máy chiếu xiaomi","https://www.thegioididong.com/gay-tu-suong-dji
https://www.thegioididong.com/may-chieu-xiaomi",https://thethaovanhoa.vn/ai-tracking-tren-gimbal-dji-dan-tro-thanh-mot-tro-ly-quay-phim-rieng-nhu-the-nao-20260719210416872.htm
Phụ kiện,"gimbal dji
máy chiếu xiaomi","https://www.thegioididong.com/gay-tu-suong-dji
https://www.thegioididong.com/may-chieu-xiaomi",https://baodanang.vn/gimbal-dji-thiet-bi-tu-quay-noi-dung-3345497.html
Phụ kiện,"jbl charge 6
loa
loa jbl","https://www.thegioididong.com/loa-laptop/loa-bluetooth-jbl-charge-6
https://www.thegioididong.com/loa-laptop
https://www.thegioididong.com/loa-laptop-jbl",https://fili.vn/2026/07/khoang-gia-482115-trieu-nguoi-mua-uu-tien-thiet-ke-marshall-hay-chat-am-manh-cua-jbl-4511-1474678.htm
Phụ kiện,"máy ảnh sony
camera dji","https://www.thegioididong.com/may-anh-sony
https://www.thegioididong.com/camera-hanh-trinh-hanh-dong-dji",https://vietstock.vn/2026/07/may-anh-sony-hien-nay-co-nhung-dong-nao-va-khac-nhau-ra-sao-4511-1469537.htm
Phụ kiện,"marshall milton anc
tai nghe jbl
tai nghe bluetooth","https://www.thegioididong.com/tai-nghe/tai-nghe-bluetooth-chup-tai-marshall-milton-a-n-c
https://www.thegioididong.com/tai-nghe-jbl
https://www.thegioididong.com/tai-nghe-bluetooth",https://fili.vn/2026/07/pin-co-the-thay-the-marshall-milton-anc-dang-mo-ra-huong-di-moi-cho-tai-nghe-dung-lau-dai-4511-1474599.htm
Phụ kiện,"thiết bị mạng tp link
totolink ex200","https://www.thegioididong.com/thiet-bi-mang-tp-link
https://www.thegioididong.com/thiet-bi-mang/bo-mo-rong-song-wifi-ac220v-totolink-ex200-trang",https://vietstock.vn/2026/07/wi-fi-yeu-du-goi-mang-nhanh-nguyen-nhan-thuong-nam-o-dau-4511-1469544.htm
Phụ kiện,"totolink ex200
wifi tp-link","https://www.thegioididong.com/thiet-bi-mang/bo-mo-rong-song-wifi-ac220v-totolink-ex200-trang
https://www.thegioididong.com/thiet-bi-mang-tp-link",https://giadinhmoi.vn/co-nen-mua-repeater-wifi-hay-lap-them-router-uu-nhuoc-diem-tung-giai-phap-d99367.html
Phụ kiện,"totolink ex200
thiết bị mạng tp link
camera","https://www.thegioididong.com/thiet-bi-mang/bo-mo-rong-song-wifi-ac220v-totolink-ex200-trang
https://www.thegioididong.com/thiet-bi-mang-tp-link
https://www.thegioididong.com/camera-giam-sat",https://2game.vn/5-sai-lam-khien-bo-kich-song-wifi-hoat-dong-khong-hieu-qua-va-cach-khac-phuc-post465459.html
Phụ kiện,"totolink ex200
thiết bị mạng tp link
camera","https://www.thegioididong.com/thiet-bi-mang/bo-mo-rong-song-wifi-ac220v-totolink-ex200-trang
https://www.thegioididong.com/thiet-bi-mang-tp-link
https://www.thegioididong.com/camera-giam-sat",https://fili.vn/2026/07/nha-nhieu-tang-tuong-day-khien-wifi-chap-chon-giai-phap-tiet-kiem-duoc-nhieu-gia-dinh-lua-chon-4511-1474574.htm
Phụ kiện,"totolink ex200
thiết bị mạng tp link
camera","https://www.thegioididong.com/thiet-bi-mang/bo-mo-rong-song-wifi-ac220v-totolink-ex200-trang
https://www.thegioididong.com/thiet-bi-mang-tp-link
https://www.thegioididong.com/camera-giam-sat",https://lag.vn/tin/cong-nghe/vi-sao-dung-repeater-wifi-nhung-mang-van-cham-truong-hop-totolink-ex200.html
Phụ kiện,"totolink ex200
thiết bị mạng tp link
camera","https://www.thegioididong.com/thiet-bi-mang/bo-mo-rong-song-wifi-ac220v-totolink-ex200-trang
https://www.thegioididong.com/thiet-bi-mang-tp-link
https://www.thegioididong.com/camera-giam-sat",https://songdep.com.vn/bo-kich-song-wifi-phu-hop-cho-ai-tu-sinh-vien-ho-gia-dinh-den-van-phong-nho-d27512.html
Phụ kiện,"totolink ex200
wifi tp-link","https://www.thegioididong.com/thiet-bi-mang/bo-mo-rong-song-wifi-ac220v-totolink-ex200-trang
https://www.thegioididong.com/thiet-bi-mang-tp-link",https://2dep.vn/kinh-nghiem-chon-bo-kich-song-wifi-duoi-500-000-dong-nhung-tieu-chi-khong-nen-bo-qua-011446788.html
Phụ kiện,"totolink ex200
camera
camera dji
gimbal dji
máy chiếu xiaomi","https://www.thegioididong.com/thiet-bi-mang/bo-mo-rong-song-wifi-ac220v-totolink-ex200-trang
https://www.thegioididong.com/camera-giam-sat
https://www.thegioididong.com/camera-hanh-trinh-hanh-dong-dji
https://www.thegioididong.com/gay-tu-suong-dji
https://www.thegioididong.com/may-chieu-xiaomi",https://trangcongnghe.com.vn/kien-thuc/5182-dat-bo-kich-song-wifi-o-dau-de-phu-song-tot-hon-trong-nha.html
Phụ kiện,"micro dji
gimbal dji","https://www.thegioididong.com/micro-thu-am-dji
https://www.thegioididong.com/gay-tu-suong-dji",https://vietstock.vn/2026/07/video-ngan-bung-no-vi-sao-nguoi-lam-noi-dung-dau-tu-nhieu-hon-cho-am-thanh-4511-1467667.htm
Phụ kiện,micro dji,https://www.thegioididong.com/micro-thu-am-dji,https://giaoducthoidai.vn/tu-vlog-den-livestream-ban-hang-micro-cai-ao-co-tro-thanh-thiet-bi-bat-buoc-post785483.html?gidzl=zdra5x0X4MlrP6mJkZiLRlHZQHEjRaDgkJqtHAfXJpEvCcTC-sfECkqoOqpxEammjM4n6JLtQqnFi2GPQm
Phụ kiện,"micro dji
gimbal dji","https://www.thegioididong.com/micro-thu-am-dji
https://www.thegioididong.com/gay-tu-suong-dji",https://thethaovanhoa.vn/micro-khong-day-ngay-cang-nho-gon-vi-sao-nguoi-moi-lam-noi-dung-cung-muon-mua-20260719211038193.htm
Phụ kiện,"micro dji
gimbal dji","https://www.thegioididong.com/micro-thu-am-dji
https://www.thegioididong.com/gay-tu-suong-dji",https://baodanang.vn/video-dep-nhung-khong-thu-hut-nguoi-xem-am-thanh-co-the-la-nguyen-nhan-3345535.html
Phụ kiện,"micro dji
gimbal dji","https://www.thegioididong.com/micro-thu-am-dji
https://www.thegioididong.com/gay-tu-suong-dji",https://baodongnai.com.vn/doanh-nhan-doanh-nghiep/dich-vu/202607/dji-dua-xu-ly-thong-minh-vao-micro-thu-am-giong-ro-hon-hay-kem-tu-nhien-ad6197b/
Phụ kiện,"tay cầm chơi game
bàn phím","https://www.thegioididong.com/may-choi-game-cam-tay-tay-cam-choi-game
https://www.thegioididong.com/ban-phim",https://congngheviet.com/tay-cam-choi-game-duoi-1-trieu-nen-chon-da-nen-tang-hay-toi-uu-cho-thiet-bi-chinh/
Phụ kiện,"tay cầm chơi game
bàn phím","https://www.thegioididong.com/may-choi-game-cam-tay-tay-cam-choi-game
https://www.thegioididong.com/ban-phim",https://vietstock.vn/2026/07/mua-tay-cam-lan-dau-vi-sao-tam-gia-40000082111-trieu-dong-la-hop-ly-4511-1467656.htm
Phụ kiện,tay cầm chơi game,https://www.thegioididong.com/may-choi-game-cam-tay-tay-cam-choi-game,https://giaoducthoidai.vn/mua-tay-cam-dau-tien-duoi-1-trieu-nen-chon-theo-pc-dien-thoai-hay-tv-post785482.html?gidzl=xD62PTTXmGBlo8fXtNl51-xFZ6RABf04ev7ICSqXd5sZde8vd2gTNFUUXZcSUfzUhytKR3KAXtfKrsJ90W
Phụ kiện,"tay cầm chơi game
bàn phím","https://www.thegioididong.com/may-choi-game-cam-tay-tay-cam-choi-game
https://www.thegioididong.com/ban-phim",https://thethaovanhoa.vn/tay-cam-dung-lau-de-troi-analog-bao-quan-the-nao-de-ben-hon-2026071921143319.htm
Phụ kiện,"gimbal dji
máy ảnh sony","https://www.thegioididong.com/gay-tu-suong-dji
https://www.thegioididong.com/may-anh-sony",https://baodanang.vn/tripod-tich-hop-tren-osmo-mobile-7-phu-hop-quay-ngoai-troi-3345498.html
Phụ kiện,"ống kính oppo hasselblad
máy ảnh sony","https://www.thegioididong.com/ong-kinh-tele/ong-kinh-oppo-hasselblad
https://www.thegioididong.com/may-anh-sony",https://vietstock.vn/2026/06/ong-kinh-oppo-hasselblad-co-giup-oppo-find-x9-ultra-chup-dep-hon-4511-1458542.htm
Đồng hồ,"đồng hồ
đồng hồ g shock","https://www.thegioididong.com/dong-ho-deo-tay
https://www.thegioididong.com/dong-ho-deo-tay-g-shock",https://vietstock.vn/2026/07/dong-ho-thoi-trang-khong-chi-de-xem-gio-nguoi-dung-dang-chon-theo-phong-cach-su-dung-4511-1468922.htm
Đồng hồ,"đồng hồ
đồng hồ g shock","https://www.thegioididong.com/dong-ho-deo-tay
https://www.thegioididong.com/dong-ho-deo-tay-g-shock",https://thethaovanhoa.vn/xu-huong-chon-dong-ho-thoi-trang-vi-sao-nguoi-dung-chuong-mau-vua-tay-de-deo-20260722223712298.htm
Đồng hồ,"đồng hồ
đồng hồ g shock","https://www.thegioididong.com/dong-ho-deo-tay
https://www.thegioididong.com/dong-ho-deo-tay-g-shock",https://baodongnai.com.vn/doanh-nhan-doanh-nghiep/dich-vu/202606/chon-dong-ho-thoi-trang-dung-chi-nhin-mau-ma-hay-bat-dau-tu-co-tay-va-phong-cach-song-8cf14e5/
Đồng hồ,"đồng hồ chính hãng
đồng hồ casio chính hãng
đồng hồ orient chính hãng","https://www.thegioididong.com/dong-ho-deo-tay
https://www.thegioididong.com/dong-ho-deo-tay-casio
https://www.thegioididong.com/dong-ho-deo-tay-orient",https://emdep.vn/thoi-trang/dong-ho-thoi-trang-2026-chon-sao-cho-hop-outfit-dung-nhu-cau-va-dang-tien-20260626145414189.htm
Đồng hồ,"đồng hồ chính hãng
đồng hồ casio chính hãng
đồng hồ orient chính hãng","https://www.thegioididong.com/dong-ho-deo-tay
https://www.thegioididong.com/dong-ho-deo-tay-casio
https://www.thegioididong.com/dong-ho-deo-tay-orient",https://2game.vn/dong-ho-thoi-trang-chon-dung-kieu-de-di-hoc-di-lam-va-hoan-thien-outfit-hang-ngay-post465051.html
Đồng hồ,"đồng hồ casio
đồng hồ orient
đồng hồ","https://www.thegioididong.com/dong-ho-deo-tay-casio
https://www.thegioididong.com/dong-ho-deo-tay-orient
https://www.thegioididong.com/dong-ho-deo-tay",https://www.24h.com.vn/the-gioi-cong-nghe/chon-dong-ho-casio-theo-tam-gia-tu-di-hoc-di-lam-den-phong-cach-retro-c674a1774123.html
Đồng hồ,"đồng hồ g shock
đồng hồ đeo tay
đồng hồ nam","https://www.thegioididong.com/dong-ho-deo-tay-g-shock
https://www.thegioididong.com/dong-ho-deo-tay
https://www.thegioididong.com/dong-ho-deo-tay-nam",https://2game.vn/trai-nghiem-g-shock-sau-mot-nam-vo-day-pin-va-mat-kinh-thay-doi-nhu-the-nao-post466483.html
